id;name;;;;;;;
0;AA COLEGIOS ESTATALES;;;;;;;
1;ABELARDO GAMARRA;;;;;;;
2;ALBERT EINSTEIN;;;;;;;
3;ALBERTO BARTON;;;;;;;
4;ALEJANDRO DEUSTUA;;;;;;;
5;JOSE ANDRES RAZURI;;;;;;;
6;ANGLO AMERICANO PRESCOTT;;;;;;;
7;ANGLO AMERICANO PRESCOTT;;;;;;;
8;ASUNCION DE MARIA;;;;;;;
9;APOSTOL SAN JUDAS TADEO;;;;;;;
10;AMERICO GARIBALDI GHERSI;;;;;;;
11;ABRAHAM LINCOLN;;;;;;;
12;ABRAHAM LINCOLN;;;;;;;
13;ADVENTISTA DE MIRAFLORES / MIRAFLORES;;;;;;;
14;ADVENTISTA DEL TITICACA;;;;;;;
15;AGUSTINIANO SAN MARTIN DE PORRES;;;;;;;
16;ALEXANDER VON HUMBOLDT;;;;;;;
17;ALIPIO PONCE G.C. SUB-OFIC;;;;;;;
18;ALFONSO UGARTE;;;;;;;
19;ALFREDO SALAZAR SOUTHWALL;;;;;;;
20;ALMIRANTE GUISSE;;;;;;;
21;AMERICA DEL CALLAO;;;;;;;
22;AMERICANO DE LIMA;;;;;;;
23;AMERICANO DE MIRAFLORES;;;;;;;
24;ANDINO;;;;;;;
25;ANEXO INST. PEDAGOGICO NACIONAL;;;;;;;
26;CIENCIAS;;;;;;;
27;ANTONIO RAIMONDI;;;;;;;
28;ANTONIO RAIMONDI;;;;;;;
29;APLICACION SAN MARCOS;;;;;;;
30;APOSTOLICO DE LOS PADRES OBLATOS;;;;;;;
32;BARTOLOME HERRERA;;;;;;;
33;BEATA IMELDA;;;;;;;
34;BEATA IMELDA;;;;;;;
35;BENJAMIN FRANKLIN;;;;;;;
36;BOZZANO;;;;;;;
37;CIENCIAS;;;;;;;
38;CENTRO SOCIAL DE SE헲RAS;;;;;;;
39;CARLOS CUETO FERNANDINI;;;;;;;
40;CARLOS LISSON BEINGOLEA;;;;;;;
41;CENTRO DE ESTUDIOS DEL EJERCITO;;;;;;;
42;BRUNING;;;;;;;
43;CARDENAL CUSHING;;;;;;;
44;CLARETIANO;;;;;;;
45;CLARETIANO;;;;;;;
46;NUESTRA SE헲RA VIRGEN DE LA ASUNCION;;;;;;;
47;CONCORDIA UNIVERSAL;;;;;;;
48;CORAZON DE MARIA;;;;;;;
49;CRISTO DE LAS LAGRIMAS;;;;;;;
50;CRISTO REDENTOR;;;;;;;
51;CRISTO REY;;;;;;;
52;CRISTO REY;;;;;;;
54;CRISTO SALVADOR;;;;;;;
55;INGENIERIA;;;;;;;
56;CORAZON DE JESUS;;;;;;;
57;CRISTOBAL COLON;;;;;;;
58;CORAZON DE JESUS;;;;;;;
59;DE LA CRUZ - LIMA;;;;;;;
60;RICARDO PALMA;;;;;;;
61;CRISTOBAL DE LOZADA Y PUGA;;;;;;;
62;NUESTRA SE헲RA DE LA LUZ;;;;;;;
63;COOP. SECUNDARIO MIXTO;;;;;;;
65;CULTURA MODERNA;;;;;;;
66;JUAN PABLO PEREGRINO;;;;;;;
67;CHAMPAGNAT;;;;;;;
68;DALTON;;;;;;;
69;DE JESUS;;;;;;;
70;DE MARIA;;;;;;;
71;DESAMPARADOS;;;;;;;
72;SAN PABLO;;;;;;;
73;DIEZ DE OCTUBRE;;;;;;;
74;DIVINO CORAZON DE JESUS;;;;;;;
75;SANTA HILDEGARDA;;;;;;;
76;DIVINO MAESTRO;;;;;;;
77;SANTA CRUZ;;;;;;;
78;DON BOSCO SALESIANO;;;;;;;
79;DOMINGO NIETO;;;;;;;
80;SALESIANO DON BOSCO;;;;;;;
81;SALESIANO DON BOSCO;;;;;;;
82;ENRIQUE LOPEZ ALBUJAR;;;;;;;
83;EL CARMELO;;;;;;;
84;ELIAS AGUIRRE;;;;;;;
85;ELIAS AGUIRRE;;;;;;;
86;EMILIO SOYER CLAVER (SUB.OF.);;;;;;;
87;ESPIRITU SANTO;;;;;;;
88;EL NAZARENO;;;;;;;
89;EL CARMEN;;;;;;;
90;EXTERNADO SANTO TORIBIO;;;;;;;
91;ERNESTO GARCIA CALDERON;;;;;;;
92;FAUSTINO SANCHEZ CARRION;;;;;;;
93;FEDERICO VILLARREAL;;;;;;;
94;FELIPE SANTIAGO SALAVERRY;;;;;;;
95;FERMIN TANGUIS;;;;;;;
96;FERMIN MALAGA PRADO;;;;;;;
97;FLORA TRISTAN;;;;;;;
98;FLORENCE NIGHTINGALE;;;;;;;
99;FRANCO PERUANO;;;;;;;
100;RAZURI;;;;;;;
101;FRAY LUIS DE GRANADA;;;;;;;
102;FRAY LUIS DE LEON;;;;;;;
103;FRANKLIN ROOSEVELT;;;;;;;
104;FRANCISCO BOLOGNESI;;;;;;;
105;CETPRO BENJAMIN GALECIO MATOS GAMOR;;;;;;;
106;UNIVERSIDAD INCA GARCILASO DE LA VEGA;;;;;;;
107;DE JESUS;;;;;;;
108;GIMNASIO PERUANO;;;;;;;
109;GABRIELA MISTRAL;;;;;;;
110;GERTRUDE HANKS;;;;;;;
111;GELICICH;;;;;;;
112;HANS CHRISTIAN ANDERSEN;;;;;;;
113;HOSANNA;;;;;;;
114;HERMANOS BLANCO;;;;;;;
115;HOLLY TRINITY / DIVINA TRINIDAD;;;;;;;
116;HELAMAN;;;;;;;
117;HERMANA MARYFLORA;;;;;;;
118;INDEPENDENCIA;;;;;;;
119;RICARDO PALMA;;;;;;;
120;LA INMACULADA CONCEPCION;;;;;;;
121;INMACULADA CONCEPCION;;;;;;;
122;INMACULADO CORAZON;;;;;;;
123;INMACULADO CORAZON DE MARIA;;;;;;;
124;INMACULADA DEL RIMAC;;;;;;;
125;SAN IGNACIO DE LOYOLA;;;;;;;
126;SEVILLA;;;;;;;
127;ISABEL FLORES DE OLIVA;;;;;;;
128;ISABEL LA CATOLICA;;;;;;;
129;INTERNACIONAL DE AREQUIPA;;;;;;;
130;JAMES MONROE;;;;;;;
131;JESUS MARIA;;;;;;;
132;JESUALDO;;;;;;;
133;JOSE PARDO;;;;;;;
134;JOSE QUI헲NES FAP;;;;;;;
135;JORGE WASHINGTON;;;;;;;
136;JORGE POLAR;;;;;;;
137;JUAN VELEZ DE CORDOVA;;;;;;;
138;JUAN XXIII;;;;;;;
139;JUAN XXIII;;;;;;;
140;MARCELINO CHAMPAGNAT;;;;;;;
141;JOHN DEWEY;;;;;;;
142;JORGE CHAVEZ;;;;;;;
143;MARTIR JOSE OLAYA;;;;;;;
144;JOSE SANTOS CHOCANO;;;;;;;
145;JUANA DE ARCO;;;;;;;
146;JULIO C. TELLO;;;;;;;
147;JUNIOR CESAR DE LOS RIOS;;;;;;;
148;JOHN F. KENNEDY;;;;;;;
149;LEON PINELO;;;;;;;
150;LEONCIO PRADO;;;;;;;
151;LICEO NAVAL ALMIRANTE GUISE;;;;;;;
152;"LICEO NAVAL C. DE C. ""MANUEL CLAVERO M.""";;;;;;;
153;SANTA ROSA DE LIMA;;;;;;;
154;LA ASUNCION;;;;;;;
155;DE LA INMACULADA;;;;;;;
156;LA INMACULADA;;;;;;;
157;INCA GARCILAZO DE LA VEGA;;;;;;;
158;LA REPARACION;;;;;;;
159;LA SALLE - LIMA;;;;;;;
160;LA SALLE - AREQUIPA;;;;;;;
161;LA MEDALLA MILAGROSA;;;;;;;
162;LA MERCED;;;;;;;
163;LA SAGRADA FAMILIA;;;;;;;
164;LA SAGRADA FAMILIA;;;;;;;
165;LA SAGRADA FAMILIA;;;;;;;
166;LA VICTORIA;;;;;;;
167;LATINOAMERICANO;;;;;;;
168;LA PROVIDENCIA;;;;;;;
169;MIGUEL GRAU;;;;;;;
170;LORD COCHRANE;;;;;;;
171;LOS LIBERTADORES;;;;;;;
172;SAN CARLOS;;;;;;;
173;LIMA SAN CARLOS;;;;;;;
174;LUZ CASANOVA;;;;;;;
175;MANUEL PRADO;;;;;;;
176;MANUEL A. VENTURA;;;;;;;
177;JOSE CARLOS MARIATEGUI;;;;;;;
178;MANUEL RAMIREZ BARINAGA;;;;;;;
179;MARIA AUXILIADORA;;;;;;;
180;MARIA AUXILIADORA;;;;;;;
181;MARIA DE LAS MERCEDES;;;;;;;
182;MARIA REINA;;;;;;;
183;MARIA DEL CARMEN;;;;;;;
184;MARIA ALVARADO;;;;;;;
185;MARIA DE LOS ANGELES;;;;;;;
186;MARKHAM;;;;;;;
187;MATER ADMIRABILIS;;;;;;;
188;MATER ADMIRABILIS;;;;;;;
189;MATER PURISSIMA;;;;;;;
190;CHAMPAGNAT MARISTAS;;;;;;;
191;JOSE ANTONIO ENCINAS;;;;;;;
192;MARISTAS;;;;;;;
193;MARCELINO CHAMPAGNAT;;;;;;;
194;BUENAS NUEVAS;;;;;;;
195;MARISCAL SUCRE;;;;;;;
196;MIDDENDORF;;;;;;;
197;MARISCAL BENAVIDES;;;;;;;
198;MARISCAL DOMINGO NIETO;;;;;;;
200;MERCEDES INDACOCHEA;;;;;;;
201;MODELO;;;;;;;
202;MOCHE;;;;;;;
203;MONTE MARIA;;;;;;;
204;MONTERRICO;;;;;;;
205;MONTESSORI;;;;;;;
206;MARIA DE LA PROVIDENCIA;;;;;;;
207;MARIA INMACULADA;;;;;;;
208;MATER SANTISIMA;;;;;;;
209;MAX UHLE;;;;;;;
210;MAYUPAMPA;;;;;;;
212;MI HOGAR Y MI ESCUELA;;;;;;;
213;MIXTO MIRAFLORES;;;;;;;
214;MUNDO MEJOR;;;;;;;
215;NUESTRA SE헲RA DE FATIMA;;;;;;;
216;NUESTRA SE헲RA DE FATIMA;;;;;;;
217;NAZARETH;;;;;;;
218;NESTOR S. MARTOS;;;;;;;
219;NICOLAS DE PIEROLA;;;;;;;
220;NUESTRA SE헲RA NOTRE DAME;;;;;;;
221;NUESTRA SE헲RA DE COPACABANA;;;;;;;
222;NUESTRA SE헲RA DE LA CONSOLACION;;;;;;;
223;NUESTRA SE헲RA DE LA MERCED;;;;;;;
224;NUESTRA SE헲RA DE LA MERCED;;;;;;;
225;NUESTRA SE헲RA DE LA PAZ;;;;;;;
226;NUESTRA SE헲RA DE LOURDES;;;;;;;
227;NUESTRA SE헲RA DE LOURDES;;;;;;;
228;NUESTRA SE헲RA DEL CARMEN-CARMELITAS;;;;;;;
229;NUESTRA SE헲RA DEL CARMEN;;;;;;;
230;NUESTRA SE헲RA DEL CARMEN;;;;;;;
231;NUESTRA SE헲RA DEL CARMEN;;;;;;;
232;NUESTRA SE헲RA DEL PILAR;;;;;;;
233;NUESTRA SE헲RA DEL PILAR;;;;;;;
234;NUESTRA SE헲RA DE TARAPOTO;;;;;;;
235;NUESTRA SE헲RA DEL CARMEN;;;;;;;
236;NUESTRA SE헲RA DEL PRADO;;;;;;;
237;NUESTRA SE헲RA DEL ROSARIO DE FATIMA;;;;;;;
238;NEWTON COLLEGE;;;;;;;
239;NUESTRA SE헲RA DE LA ASUNCION;;;;;;;
240;NUESTRA SE헲RA DE LA ASUNCION;;;;;;;
241;NUESTRA SE헲RA DE LA CANDELA;;;;;;;
242;NUESTRA SE헲RA DE LOS DESAMPARADOS;;;;;;;
243;NUESTRA SE헲RA DE MONTSERRAT/MONSERRATE;;;;;;;
244;NUESTRA SE헲RA DEL CARMELO;;;;;;;
245;NUESTRA SE헲RA DEL PATROCINIO;;;;;;;
246;NUESTRA SE헲RA DEL PERPETUO SOCORRO;;;;;;;
247;NUESTRA SE헲RA DEL ROSARIO;;;;;;;
248;NUESTRA SE헲RA DEL SAGRADO CORAZON;;;;;;;
249;NUESTRA SE헲RA DE LA MISERICORDIA;;;;;;;
250;PALESTRA;;;;;;;
251;PANAMERICANA;;;;;;;
252;PATROCINIO SAN JOSE;;;;;;;
253;PEDRO RUIZ GALLO;;;;;;;
254;PERPETUO SOCORRO;;;;;;;
256;PERUANO BRITANICO;;;;;;;
257;SAN JUAN DE LAS AMERICAS;;;;;;;
258;PERUANO CANADIENSE;;;;;;;
259;PERUANO NORTEAMERICANO;;;;;;;
260;PESTALOZZI;;;;;;;
261;INCA GARCILAZO DE LA VEGA;;;;;;;
262;SANTA ROSA DE LIMA;;;;;;;
263;PRINCESA MARGARITA;;;;;;;
264;POLO JIMENEZ;;;;;;;
265;PORRAS BARRENECHEA RAUL;;;;;;;
266;PANDO;;;;;;;
267;PADRES MARYKNOLL;;;;;;;
268;PRECURSORES DE LA INDEPENDENCIA;;;;;;;
269;PEDRO RUIZ GALLO;;;;;;;
270;PIO XII;;;;;;;
271;PUNTA ARENAS;;;;;;;
272;POLITECNICO REGIONAL OCHARAN;;;;;;;
273;RAMON CASTILLA;;;;;;;
274;REGINA PACIS;;;;;;;
275;REYNA DEL SANTISIMO ROSARIO;;;;;;;
276;REYNA DE LA PAZ;;;;;;;
277;REINA DE LAS AMERICAS;;;;;;;
278;REINA DE LOS ANGELES;;;;;;;
279;RESIDENCIAL MIRAFLORES;;;;;;;
280;ROSARIO DE FATIMA;;;;;;;
281;ROSA DE AMERICA;;;;;;;
282;ROSA DE LIMA;;;;;;;
283;REINA DEL MUNDO;;;;;;;
284;RICARDO PALMA;;;;;;;
285;FRANKLIN DELANO ROOSEVELT;;;;;;;
286;RECOLETA SS.CC.;;;;;;;
287;BELEN SS.CC.;;;;;;;
288;SOPHIANUM;;;;;;;
289;SOPHIANUM;;;;;;;
290;DE MARIA;;;;;;;
291;SAGRADOS CORAZONES;;;;;;;
292;SAGRADOS CORAZONES;;;;;;;
293;SALESIANO;;;;;;;
294;EL PARAISO;;;;;;;
295;SALESIANO;;;;;;;
296;SAGRADO CORAZON;;;;;;;
297;SAGRADO CORAZON;;;;;;;
298;SAN AGUSTIN - LIMA;;;;;;;
299;SAN AGUSTIN - LORETO;;;;;;;
300;SAN ANDRES;;;;;;;
301;SAN ANSELMO;;;;;;;
302;SAN ANTONIO;;;;;;;
303;SAN ANTONIO MARISTAS;;;;;;;
304;SAN ANTONIO VARONES;;;;;;;
305;SAN ANTONIO ABAD;;;;;;;
306;SAN ANTONIO DE PADUA;;;;;;;
307;SAN ANTONIO DE PADUA;;;;;;;
308;SAN ANTONIO MARIA CLARET;;;;;;;
309;SAN CARLOS;;;;;;;
310;SAN JOSE;;;;;;;
311;SAN JULIAN;;;;;;;
312;SAN CIPRIANO;;;;;;;
313;SAN CLEMENTE;;;;;;;
314;SAN FELIPE;;;;;;;
316;SAN FRANCISCO DE SALES;;;;;;;
317;SAN FRANCISCO DE BORJA;;;;;;;
318;SAN FRANCISCO;;;;;;;
319;SAN FRANCISCO DE ASIS;;;;;;;
320;SAN FRANCISCO DE JAVIER;;;;;;;
321;SAN HILARION;;;;;;;
322;SAN IDELFONSO;;;;;;;
323;SAN IGNACIO DE LOYOLA;;;;;;;
324;SAN IGNACIO DE LOYOLA;;;;;;;
325;SAN LORENZO;;;;;;;
326;SAN JORGE (ST. GEORGE'S COLLEGE - SAN JORGE SUR);;;;;;;
327;SAN JORGE;;;;;;;
328;SAN JORGE;;;;;;;
329;SAN JOSE DE MONTERRICO;;;;;;;
330;SAN JOSE;;;;;;;
331;SAN JOSE;;;;;;;
332;SAN JOSE;;;;;;;
333;SAN JOSE;;;;;;;
334;SAN JOSE DE ANCHIETA;;;;;;;
335;SAN JOSE DE ARTESANOS;;;;;;;
336;SAN JOSE HNOS. MARISTAS;;;;;;;
337;SAN JOSE HNOS. MARISTAS;;;;;;;
338;SAN JOSE DE CLUNY;;;;;;;
339;SAN JOSE DE CLUNY;;;;;;;
340;SAN JOSE DE CALAZAES;;;;;;;
341;SAN JOSE OBRERO;;;;;;;
342;SAN JOSE OBRERO;;;;;;;
343;SAN JUAN / SAN JUAN DE BARRANCO;;;;;;;
344;SAN JUAN;;;;;;;
345;SAN JUAN BAUTISTA;;;;;;;
346;SAN JUAN BOSCO;;;;;;;
348;SANTO TORIBIO DE MOGROVEJO;;;;;;;
349;SAN LUIS GONZAGA;;;;;;;
350;SAN LUIS HNOS. MARISTAS;;;;;;;
351;SAN MARCELO;;;;;;;
352;SAN MARCOS DE MONTERRICO;;;;;;;
353;SAN MARCOS;;;;;;;
355;SAN MIGUEL;;;;;;;
356;SAN NORBERTO;;;;;;;
357;NUESTRA SRA. DE LA MERCED;;;;;;;
358;SAN SILVESTRE;;;;;;;
359;SAN VALENTIN;;;;;;;
360;SAN VICENTE;;;;;;;
361;SAN VICENTE DE PAUL;;;;;;;
362;SAN VICENTE;;;;;;;
363;SAN SEBASTIAN;;;;;;;
364;SAN SEBASTIAN;;;;;;;
365;SANTA ANA;;;;;;;
366;SANTA ANA;;;;;;;
367;SANTA ANA;;;;;;;
368;SANTA ANGELA;;;;;;;
369;SANTA ANGELA;;;;;;;
370;SANTA ANITA;;;;;;;
371;SANTA BEATRIZ;;;;;;;
372;SANTA CLARA;;;;;;;
375;SANTA ISABEL DE HUNGRIA;;;;;;;
376;SANTA LEONOR;;;;;;;
377;SANTA MAGDALENA;;;;;;;
378;SANTA MARGARITA;;;;;;;
379;SANTA MARGARITA;;;;;;;
381;SAN PABLO;;;;;;;
382;SANTA MARIA DE FATIMA;;;;;;;
383;SANTA MATILDE;;;;;;;
384;SANTA MARIA;;;;;;;
385;SANTA MARIA DE CHOSICA;;;;;;;
386;SANTA MARIA;;;;;;;
387;SANTA MARIA;;;;;;;
388;SANTA MARIA REYNA;;;;;;;
389;SANTA MARIA;;;;;;;
390;SANTA MARIA;;;;;;;
391;SANTA MARTHA;;;;;;;
392;SANTA MARIA;;;;;;;
393;SANTA MARIA DE CERVELLO;;;;;;;
394;SANTA MARIA EUFRASIA;;;;;;;
395;SANTA MARIA GORETTI;;;;;;;
397;LINCOLN;;;;;;;
398;SANTA RITA DE CASIA;;;;;;;
399;SANTA RITA DE CASIA;;;;;;;
400;SANTA RITA;;;;;;;
401;SANTA ROSA;;;;;;;
402;PIERE MARIE CURIE;;;;;;;
403;SANTA ROSA;;;;;;;
404;SANTA ROSA;;;;;;;
405;SANTA SOFIA;;;;;;;
406;SANTA TERESITA DEL NI헲 JESUS;;;;;;;
407;SANTA URSULA;;;;;;;
408;SANTA URSULA;;;;;;;
409;SAN VICENTE;;;;;;;
410;SANTISIMO NOMBRE DE JESUS;;;;;;;
411;SANTISIMO SALVADOR;;;;;;;
412;SANTO DOMINGO SAVIO;;;;;;;
413;SANTO TOMAS DE AQUINO;;;;;;;
414;SENOR DE LOS MILAGROS;;;;;;;
415;SENOR DE LA MISERICORDIA;;;;;;;
416;SOR ROSA LARRABURE;;;;;;;
417;SUCRE;;;;;;;
419;SANTA MARIA DE FATIMA;;;;;;;
421;SANTA ROSA DE LIMA;;;;;;;
422;SANTA TERESA DE LA INMACULADA;;;;;;;
423;SANTA GERTRUDIS;;;;;;;
424;SANTISIMA TRINIDAD;;;;;;;
425;MARISCAL SANTA CRUZ;;;;;;;
426;TACNA;;;;;;;
427;TOMAS EDISON;;;;;;;
428;TUPAC AMARU;;;;;;;
429;UNION;;;;;;;
430;LA UNION;;;;;;;
431;VICTOR E. VIVAR;;;;;;;
432;VILLA MARIA;;;;;;;
433;VILLA TERESA;;;;;;;
434;VILLA CARITAS;;;;;;;
435;VIRGEN DE LOURDES;;;;;;;
436;CRISTO REY (VEDRUNA);;;;;;;
437;VIRGEN MILAGROSA;;;;;;;
438;VIRGEN MILAGROSA;;;;;;;
439;VIRGEN MACARENA;;;;;;;
440;VIRGEN DEL CARMEN;;;;;;;
441;VIRGEN INMACULADA;;;;;;;
442;VILLA FATIMA;;;;;;;
443;WINNETKA;;;;;;;
444;WILSON;;;;;;;
445;WINSTON CHURCHILL;;;;;;;
446;ZARUMILLA;;;;;;;
447;VILLA LUISA DE HUNAY;;;;;;;
448;ALCIDES VIGO HURTADO (PIP);;;;;;;
449;AREQUIPA;;;;;;;
450;CARLOS CUETO FERNANDINI;;;;;;;
451;CLORINDA MATTO DE TURNER;;;;;;;
452;FE Y ALEGRIA (Todos);;;;;;;
453;HENRY MEIGGS;;;;;;;
454;JUAN INGUNZA;;;;;;;
455;SAN JOSE MARTIN (INST.COMERCIAL);;;;;;;
456;LA LIBERTAD;;;;;;;
457;MADRE AMABLE;;;;;;;
458;MARIA AUXILIADORA;;;;;;;
459;MIGUEL GRAU;;;;;;;
460;SAN LUIS REY;;;;;;;
461;NI헲 JESUS DE BELEN;;;;;;;
462;NI헲 JESUS DE PRAGA;;;;;;;
463;NUEVA EDUCACION;;;;;;;
464;RENACIMIENTO;;;;;;;
465;ROSA MARIA CHECA;;;;;;;
466;ROSENTHAL DE LA PUENTE / SALESIANO ROSENTHAL DE LA PUENTE;;;;;;;
468;SAN FRANCISCO SOLANO;;;;;;;
469;SANTA LUCIA;;;;;;;
470;SAN PEDRO CHANEL;;;;;;;
471;SAN ROQUE;;;;;;;
472;CESAR FAURA GOUBET (FAP);;;;;;;
473;SANTA CATALINA;;;;;;;
475;SANTA LUISA MARILLAC;;;;;;;
476;SANTA MARIA;;;;;;;
477;SANTA MARIA DE JESUS;;;;;;;
478;SANTA SOFIA;;;;;;;
479;VIRGEN DE BELEN;;;;;;;
480;PEDRO PAULET MOSTAJO;;;;;;;
481;JORGE BASADRE;;;;;;;
482;BRASILIA;;;;;;;
483;CORAZON DE JESUS;;;;;;;
484;EDUARDO DE HABICH;;;;;;;
485;FRATERNIDAD AMERICANA;;;;;;;
486;GUADALUPE;;;;;;;
487;HONORIO DELGADO;;;;;;;
488;JORGE BASADRE;;;;;;;
489;LICEO NAVAL F. CARRASCO;;;;;;;
490;SAN LUIS;;;;;;;
491;SANTA INES;;;;;;;
492;UCAYALI;;;;;;;
493;NUEVE DE DICIEMBRE;;;;;;;
494;ALBERT SCHWEITZER;;;;;;;
495;NUESTRA SE헲RA DE GUADALUPE;;;;;;;
496;I.E. MANUEL PARDO;;;;;;;
497;SAN ROMAN;;;;;;;
498;INDOAMERICANO;;;;;;;
499;JESUS NAZARENO;;;;;;;
500;PADRE ABAD;;;;;;;
501;FRANCISCO BOLOGNESI;;;;;;;
502;LA MERCED;;;;;;;
503;NUESTRA SE헲RA DE FATIMA;;;;;;;
504;SALAMANCA;;;;;;;
505;MARCOS LIBARDONI / MONSE헲R MARCOS LIBARDONI;;;;;;;
506;POLITECNICO SALESIANO DE LIMA;;;;;;;
507;MAURICIO SIMONS;;;;;;;
508;CIRO ALEGRIA;;;;;;;
509;NUESTRA SE헲RA DE MONTECARMELO;;;;;;;
510;RICARDO PALMA;;;;;;;
511;SANTA MARINA;;;;;;;
512;JOHN F. KENNEDY;;;;;;;
513;SANTA MARIA REYNA;;;;;;;
515;CRISTO REY;;;;;;;
516;JUAN PABLO I;;;;;;;
517;JOSE ANDRES RAZURI;;;;;;;
518;SAN JUAN LUIS VIVES;;;;;;;
520;ABRAHAM TAVERA AGUIRRE;;;;;;;
521;ADVENTISTA DEL UCAYALI;;;;;;;
522;ADVENTISTA UNION;;;;;;;
523;ANGEL ALFREDO PRIALE;;;;;;;
524;ARBULU;;;;;;;
525;EL TRIUNFO;;;;;;;
526;HISPANO BRITANICO;;;;;;;
527;HOLLY GHOST;;;;;;;
528;HORACIO PATI헲 CRUZATTI;;;;;;;
529;HUMBERTO VIDAL UNDA;;;;;;;
530;JOHANNES GUTEMBERG;;;;;;;
531;LICEO COMERCIAL MIRAFLORES;;;;;;;
532;MADRE ADMIRABLE;;;;;;;
533;MARIA CURIE;;;;;;;
534;MIGUEL GRAU;;;;;;;
535;NUESTRA SE헲RA DEL ROSARIO;;;;;;;
536;SAN FABIAN;;;;;;;
537;SAN GABRIEL;;;;;;;
538;SAN GENARO;;;;;;;
539;SAN LUIS GONZAGA;;;;;;;
540;SAN PEDRO DE LURIN;;;;;;;
541;SAN PIO X;;;;;;;
542;ALEXANDER HAMILTON;;;;;;;
543;ALMIRANTE MIGUEL GRAU;;;;;;;
544;AMAUTA;;;;;;;
546;BEATA ANA MARIA JAVOUHEY;;;;;;;
547;CATOLICA LAS MERCEDES;;;;;;;
548;CESAR DIEZ CANSECO;;;;;;;
549;MART;;;;;;;
550;COSMOS;;;;;;;
551;ELENA DE SANTA MARIA;;;;;;;
552;FRANCISCO BOLOGNESI;;;;;;;
553;JOSE GALVEZ;;;;;;;
554;LIBERTADOR SAN MARTIN COOPERATIVO;;;;;;;
555;MODERNO;;;;;;;
556;NUESTRA SE헲RA DE CHAPI;;;;;;;
557;NUESTRA SE헲RA DE LA MACARENA;;;;;;;
558;NUESTRA SE헲RA DE LAS MERCEDES;;;;;;;
560;SAN JOSE;;;;;;;
562;SANTA MARIA MAZARELLO;;;;;;;
563;SANTA ROSA DE LIMA;;;;;;;
564;TOQUEPALA;;;;;;;
565;ADVENTISTA ALBORADA;;;;;;;
566;ALFRED BINET;;;;;;;
567;ATUSPARIA;;;;;;;
568;BAUTISTA;;;;;;;
569;CARLOS CUETO FERNANDINI;;;;;;;
570;DANIEL ALCIDES CARRION;;;;;;;
571;DANTE ALIGHIERI;;;;;;;
572;ERNEST RUTHEFORD;;;;;;;
573;FELIX TELLO ROJAS;;;;;;;
574;ISAAC NEWTON;;;;;;;
575;JEAN PIAGET;;;;;;;
576;JOSE DE SAN MARTIN GENERALISIMO;;;;;;;
577;JUAN PABLO II LA PAZ UNIVERSAL;;;;;;;
578;SAN FRANCISCO DE ASIS;;;;;;;
579;MARIA MILAGROSA;;;;;;;
580;NUESTRA SE헲RA DEL VALLE SEMINARIO;;;;;;;
581;PRIMERO DE MAYO -CAFAE- IPSS;;;;;;;
582;RUBEN DARIO;;;;;;;
583;SAN PATRICIO;;;;;;;
584;SANTA ISABEL;;;;;;;
585;SANTA ROSA DE LIMA;;;;;;;
586;B.F. SKINNER;;;;;;;
587;ABRAHAM VALDELOMAR;;;;;;;
588;ADVENTISTA TRUJILLO;;;;;;;
589;CESAR VALLEJO;;;;;;;
590;INDEPENDENCIA;;;;;;;
591;LORD BYRON;;;;;;;
592;LORD COCHRANE;;;;;;;
593;NI헲 JESUS DE PRAGA;;;;;;;
594;SAINT PATRICK;;;;;;;
595;SANTA ANGELA MERICI;;;;;;;
596;SANTA LUISA DE MARILLAC;;;;;;;
597;SANTA MARIA - ICA;;;;;;;
598;AGUSTIN GAMARRA DE HUANCAYO;;;;;;;
599;ALBERT EINSTEIN;;;;;;;
600;BERTRAND ROUSELL;;;;;;;
601;MUNICIPAL DE PUNO;;;;;;;
602;CHAVEZ DE LA ROSA;;;;;;;
603;CIENCIAS;;;;;;;
605;FLORENCE NIGHTINGALE;;;;;;;
606;GARCILASO DE LA VEGA;;;;;;;
607;GEORGE WASHINGTON;;;;;;;
608;GERMAN MENACHO ALPISTE;;;;;;;
609;HECTOR DE CARDENAS;;;;;;;
610;JEAN PIAGET;;;;;;;
611;JESUS MARIA;;;;;;;
612;LOS REYES ROJOS;;;;;;;
613;MARIA AUXILIADORA;;;;;;;
614;MARISCAL ORBEGOSO;;;;;;;
615;NUESTRA SE헲RA DEL CARMEN;;;;;;;
616;NUESTRA SE헲RA DEL ROSARIO;;;;;;;
617;NUESTRO SALVADOR PARROQUIAL;;;;;;;
618;REPUBLICA DE VENEZUELA;;;;;;;
619;REVERENDO HNO. GASTON MARIA;;;;;;;
620;SAGRADOS CORAZONES;;;;;;;
621;SAN ANTONIO;;;;;;;
622;SAN ANTONIO;;;;;;;
623;SAN FELIPE;;;;;;;
624;SAN FELIPE;;;;;;;
625;SAN FRANCISCO DE ASIS;;;;;;;
626;SAN JOSE;;;;;;;
627;SAN JUAN;;;;;;;
628;SANTA FELICIA;;;;;;;
629;SANTA MARIANA DE JESUS;;;;;;;
630;SANTA ROSA DE LIMA;;;;;;;
631;SE헲R DE LOS MILAGROS;;;;;;;
632;SIMON BOLIVAR;;;;;;;
633;SOR QUERUBINA DE SAN PEDRO;;;;;;;
634;WILLIAM PRESCOTT;;;;;;;
635;WEBERBAUER AUGUSTO;;;;;;;
636;CHAMPAGNAT;;;;;;;
637;ALEXANDER VON HUMBOLDT;;;;;;;
638;CARL FRIEDRICH GAUSS;;;;;;;
639;DON JOSE DE SAN MARTIN;;;;;;;
640;EL CARMELO;;;;;;;
641;SAN JOSE;;;;;;;
642;GARCILASO DE LA VEGA;;;;;;;
643;GENERAL SALAVERRY;;;;;;;
644;HUMBERTO LENGUA ROMERO;;;;;;;
645;JESUS SALVADOR;;;;;;;
646;JORGE BASADRE GROHMANN;;;;;;;
647;JOSE GALVEZ;;;;;;;
648;LA CATOLICA;;;;;;;
649;LA MERCED;;;;;;;
650;LICEO NAVAL L. MONTERO;;;;;;;
651;MARIE CURIE;;;;;;;
652;MARISCAL SANTA CRUZ;;;;;;;
653;MATER ADMIRABILIS;;;;;;;
654;NUESTRA SE헲RA DEL PERPETUO SOCORRO;;;;;;;
655;PERU;;;;;;;
656;SAN JOSE OBRERO;;;;;;;
657;SAN MIGUEL;;;;;;;
658;SANCHEZ ARTEAGA;;;;;;;
659;SANTA CECILIA;;;;;;;
661;SANTA TERESITA;;;;;;;
663;ABRAHAM LINCOLN;;;;;;;
664;ADVENTISTA CHICLAYO;;;;;;;
665;ALBERTO B. SIMPSON;;;;;;;
666;ALMIRANTE GRAU;;;;;;;
667;AMAZONAS (IPSS);;;;;;;
668;ANGELICA RECHARTE;;;;;;;
669;ANTONIO RAIMONDI ASOCIACION EDUC.;;;;;;;
670;CASUARINAS COLLEGE;;;;;;;
671;ELVIRA BULNES;;;;;;;
672;ENRIQUE MEIGGS;;;;;;;
673;FRANCISCO DE ZELA;;;;;;;
674;JOSE MARIA ARGUEDAS;;;;;;;
675;JOSE MARIA ARGUEDAS;;;;;;;
676;JUAN XXIII;;;;;;;
677;LA INMACULADA CONCEPCION;;;;;;;
678;LAS NAZARENAS;;;;;;;
679;LOURDES;;;;;;;
680;MAXIM GORKI;;;;;;;
681;MORI;;;;;;;
682;NI헲 JESUS;;;;;;;
683;NUESTRA SE헲RA DEL CARMEN;;;;;;;
684;SAN ANTONIO DE HUAMANGA;;;;;;;
685;PESTALOZZI;;;;;;;
686;ROSA DE AMERICA;;;;;;;
688;SAN JUAN BOSCO;;;;;;;
689;SANTA LUCIA;;;;;;;
690;SANTA ROSA DE LIMA;;;;;;;
691;SANTA ROSA DE LIMA;;;;;;;
692;SOL DE ALEGRIA;;;;;;;
693;SOR ANA DE LOS ANGELES;;;;;;;
694;VIRGEN DEL PILAR;;;;;;;
695;CLARETIANO;;;;;;;
696;DIVINO CORAZON DE JESUS;;;;;;;
697;CLORINDA MATTO DE TURNER;;;;;;;
698;SAN ANTONIO MUJERES;;;;;;;
699;SAN JOSE HNOS. MARISTAS;;;;;;;
700;SAN VICENTE DE PAUL;;;;;;;
701;SANTA ANA;;;;;;;
702;SAN AGUSTIN - LAMBAYEQUE;;;;;;;
703;SAN AGUSTIN;;;;;;;
704;SALESIANO (SANTA ROSA);;;;;;;
705;MARIA AUXILIADORA;;;;;;;
706;MARIA AUXILIADORA;;;;;;;
707;MARIA AUXILIADORA;;;;;;;
708;MARIA AUXILIADORA;;;;;;;
709;MARIA AUXILIADORA;;;;;;;
710;LA INMACULADA;;;;;;;
711;LA INMACULADA;;;;;;;
712;LA INMACULADA;;;;;;;
713;LA INMACULADA;;;;;;;
728;ALEXANDER VON HUMBOLDT;;;;;;;
729;CORPUS CHRISTI;;;;;;;
730;DIVINO JESUS;;;;;;;
731;ENRIQUE ESPINOSA;;;;;;;
732;HIRAM BINGHAM;;;;;;;
733;JORGE BASADRE;;;;;;;
734;JORGE CHAVEZ;;;;;;;
735;LEONARDO DA VINCI;;;;;;;
736;LOUIS PASTEUR;;;;;;;
737;MARIA MOLINARI;;;;;;;
738;NUESTRA SE헲RA DE LA ASUNCION;;;;;;;
739;NUESTRA SE헲RA DE LA ESPERANZA;;;;;;;
740;NUESTRA SE헲RA DE LA MERCED;;;;;;;
741;SOL DE ORO;;;;;;;
742;RAUL PORRAS BARRENECHEA;;;;;;;
743;REINA DEL CARMELO;;;;;;;
744;SAN AGUSTIN;;;;;;;
745;SAN JUAN BAUTISTA;;;;;;;
746;SAN MARCOS;;;;;;;
747;SAN VICENTE DE PAUL;;;;;;;
748;SANTA INES;;;;;;;
749;SANTA ROSA;;;;;;;
750;SEBASTIAN SALAZAR BONDY;;;;;;;
751;VIRGEN DE FATIMA;;;;;;;
752;ALEXANDER VON HUMBOLT;;;;;;;
753;ANDRES RAZURI;;;;;;;
754;CARLOS CUETO FERNANDINI;;;;;;;
755;ARISTOTELES CENTRO NO ESCOLARIZADO;;;;;;;
756;EL NAZARENO;;;;;;;
757;GARCILAZO DE LA VEGA;;;;;;;
758;LICEO EL CARMEN;;;;;;;
759;LORD BYRON;;;;;;;
760;MARIA AUXILIADORA;;;;;;;
761;MARIA INMACULADA;;;;;;;
762;MARIA REYNA DE LOS ANGELES;;;;;;;
763;REVERENDO HNO. GASTON MARIA;;;;;;;
764;SAN HILARION;;;;;;;
765;SAN JUDAS TADEO;;;;;;;
766;SANTO DOMINGO;;;;;;;
767;VICTORIA BARCIA BONIFFATTI;;;;;;;
768;VIRGEN DE FATIMA;;;;;;;
769;VIRGEN DE LA ASUNCION;;;;;;;
770;WALDORF;;;;;;;
771;CRISTO SALVADOR;;;;;;;
772;VIRGEN DE GUADALUPE;;;;;;;
773;JUAN PABLO II;;;;;;;
774;LAS MERCEDES;;;;;;;
775;LOS ROBLES;;;;;;;
776;MAGISTER;;;;;;;
777;MANUEL PIO DE ZU헬GA Y RAMIREZ;;;;;;;
778;MARCELINO CHAMPAGNAT;;;;;;;
779;MARIA DE NAZARET;;;;;;;
780;MARIA REYNA DE LOS APOSTOLES;;;;;;;
781;MARIANO MELGAR;;;;;;;
782;MARTIN ADAN;;;;;;;
783;MIGUEL ANGEL;;;;;;;
784;NI헲 JESUS DE PRAGA;;;;;;;
785;26 DE JUNIO;;;;;;;
786;NUESTRA SE헲RA DE LAS MERCEDES;;;;;;;
787;NUESTRA SE헲RA DEL ROSARIO;;;;;;;
788;CRISTIANO PIONERO;;;;;;;
789;REYNA DE LOS CIELOS;;;;;;;
790;SAGRADOS CORAZONES;;;;;;;
791;SAN ESTANISLAO;;;;;;;
792;SAN IGNACIO DE RECALDE;;;;;;;
793;SAN JOSE;;;;;;;
794;SAN JUAN MASIAS;;;;;;;
795;SERGIO ERNESTO BERNALES;;;;;;;
796;ALEXANDER GRAHAM BELL;;;;;;;
797;AMAZONAS;;;;;;;
798;ANDRES BELLO;;;;;;;
799;BARTOLOME HERRERA;;;;;;;
800;BOLOGNESI;;;;;;;
801;CORAZON DE JESUS;;;;;;;
802;CRISTO REY;;;;;;;
803;DANIEL ALCIDES CARRION;;;;;;;
804;DORA MAYER;;;;;;;
805;EL PEQUE헲 ARQUITECTO;;;;;;;
807;JESUS Y MARIA;;;;;;;
808;PAOLO FREIRE;;;;;;;
809;RAMON CASTILLA;;;;;;;
810;RICARDO PALMA;;;;;;;
811;SAN AGUSTIN;;;;;;;
812;SAN IGNACIO DE LOYOLA;;;;;;;
813;SAN JUDAS TADEO;;;;;;;
814;SAN VICENTE DE PAUL;;;;;;;
815;SANTA RITA;;;;;;;
816;SANTA SOFIA DE ISRAEL;;;;;;;
817;SANTISIMA TRINIDAD;;;;;;;
818;SANTO DOMINGO SAVIO;;;;;;;
819;SANTO TOMAS;;;;;;;
820;SARITA COLONIA;;;;;;;
821;WALT WHITMAN;;;;;;;
822;BLAS PASCAL;;;;;;;
823;CENTROMIN;;;;;;;
824;ALFRED NOBEL;;;;;;;
825;ANDRE MALRAUX;;;;;;;
826;ANDRES BELLO;;;;;;;
827;BADEN POWELL;;;;;;;
828;CARLOS SPEGAZZINI;;;;;;;
829;RAMON CASTILLA;;;;;;;
830;CHRISTA MC AULIFFE;;;;;;;
831;CONFRATERNIDAD UNIVERSAL;;;;;;;
832;CRISTO DE LA SOLEDAD;;;;;;;
833;CRISTO REY;;;;;;;
834;DIVINA MISERICORDIA;;;;;;;
835;ENRIQUE LOPEZ ALBUJAR;;;;;;;
836;GREEN GABLES;;;;;;;
837;HIPOLITO UNANUE;;;;;;;
838;JESUS EL BUEN PASTOR;;;;;;;
839;JHON A. MACKAY;;;;;;;
840;JOSE GALVEZ;;;;;;;
841;JUAN PABLO II;;;;;;;
842;CEP LEONARDO DA VINCI;;;;;;;
843;MIGUEL ANGEL BUONAROTI;;;;;;;
844;NI헲 JESUS MARISCAL CHAPERITO;;;;;;;
845;SANTA CRUZ;;;;;;;
846;PEDRO NOLASCO;;;;;;;
847;JOSE MARIA A.;;;;;;;
848;REINA DEL CARMELO;;;;;;;
849;REMBRANDT;;;;;;;
850;RENE GARCIA CASTELLANOS (FAP);;;;;;;
851;ROSA DE SANTA MARIA;;;;;;;
852;SACO OLIVEROS;;;;;;;
853;SAN ANDRES;;;;;;;
854;SAN ANTONIO;;;;;;;
855;SAN RAFAEL;;;;;;;
856;SANTA TERESITA;;;;;;;
857;SENOR DE BURGOS;;;;;;;
859;GARCILAZO DE LA VEGA PRONOE;;;;;;;
860;JORGE CABRERA TAPIA;;;;;;;
861;NUESTRA SE헲RA DEL CARMEN;;;;;;;
863;SAN ANTONIO ABAD;;;;;;;
864;SAN ANTONIO ABAD;;;;;;;
865;SAN LUIS;;;;;;;
866;SAN MARTIN DE PORRES CEP;;;;;;;
867;SE헲R DE LOS MILAGROS;;;;;;;
868;THOMAS JEFFERSON;;;;;;;
869;AMADO DE DIOS;;;;;;;
870;AMADO DE DIOS;;;;;;;
871;DIOS ES AMOR;;;;;;;
872;MATER CHRISTI;;;;;;;
873;ALPAMAYO;;;;;;;
874;SALCANTAY;;;;;;;
875;DON BOSCO;;;;;;;
877;SANTA ROSA;;;;;;;
878;LOS SAUCES;;;;;;;
879;SAN MIGUEL DE BISSO;;;;;;;
880;SAN FRANCISCO DE ASIS;;;;;;;
881;RAUL VILLARAN;;;;;;;
882;GARCILASO PRONOE;;;;;;;
883;INKA GAKUEN;;;;;;;
884;SOR ANA DE LOS ANGELES MONTEAGUDO;;;;;;;
885;ABELARDO ALVA MAURTUA;;;;;;;
886;MARTIN ESQUICHA BERNEDO;;;;;;;
887;SANTA MARIA;;;;;;;
888;SANTIAGO APOSTOL;;;;;;;
889;RAMIRO VILLAVERDE DE LAZO;;;;;;;
890;DOMINGO SAVIO;;;;;;;
891;SAN FRANCISCO DE ASIS;;;;;;;
892;LOS ANGELES;;;;;;;
893;SARITA COLONIA;;;;;;;
894;FRANCISCO SECADA VIGNETTA;;;;;;;
895;MICAELA BASTIDAS;;;;;;;
896;ISAIAH BOWMAN;;;;;;;
897;NUESTRA SE헲RA DEL CARMEN;;;;;;;
899;SAN IGNACIO DE LOYOLA;;;;;;;
900;SAN FRANCISCO SOLANO;;;;;;;
901;AA COLEGIOS EXTRANJERO/DIPLOMATICO;;;;;;;
903;NI헲 DE JESUS;;;;;;;
904;SAN AGUSTIN;;;;;;;
905;GUADALUPE;;;;;;;
906;SAN ISIDRO LABRADOR;;;;;;;
907;CELESTIN FREINET;;;;;;;
908;COLUMNA PASCO;;;;;;;
909;CONTINENTAL;;;;;;;
910;DE CIENCIAS;;;;;;;
911;DIVINA PROVIDENCIA;;;;;;;
912;DOMINGO SAVIO;;;;;;;
913;EL BUEN PASTOR PARROQUIAL;;;;;;;
914;FELIX CIPRIANO ZEGARRA CORONEL;;;;;;;
916;INTERAMERICANO;;;;;;;
917;JEAN LE BOULCH;;;;;;;
919;JOSE VELARDE VARGAS;;;;;;;
920;LA CASA DE CARTON;;;;;;;
921;NAVARRO GONZALES ELIANO;;;;;;;
922;NICOLAS COPERNICO;;;;;;;
923;NUESTRA SE헲RA DE LA MERCED;;;;;;;
924;NUESTRA SE헲RA DEL BUEN CONSEJO;;;;;;;
925;PEDRO RUIZ GALLO;;;;;;;
927;RESIDENCIAL DE LOS LIBERTADORES;;;;;;;
928;RUBEN DARIO;;;;;;;
930;SAN ISIDRO;;;;;;;
931;SAN JUAN BOSCO;;;;;;;
932;SAN JUAN DE MONTERRICO;;;;;;;
933;SANTA CATALINA;;;;;;;
934;SANTA EUGENIA;;;;;;;
935;SANTA MARIA DE JESUS;;;;;;;
936;SANTA MARIA DE LA FRONTERA;;;;;;;
937;SANTA SOFIA;;;;;;;
938;SANTA URSULA;;;;;;;
939;SANTA URSULA DE ZARATE;;;;;;;
941;SOR ANA DE LOS ANGELES;;;;;;;
942;ALEXANDER VON HUMBOLDT;;;;;;;
943;VON NEUMANN;;;;;;;
944;CLARIDAD;;;;;;;
945;ABRAHAM MASLOW;;;;;;;
946;ALEXANDER VON HUMBOLDT;;;;;;;
947;ALFREDO BONIFAZ;;;;;;;
948;BLAS PASCAL;;;;;;;
950;CLINTON RODHAM;;;;;;;
951;ENRIQUE LOPEZ ALBUJAR;;;;;;;
952;ESPIRITU SANTO;;;;;;;
953;JULIO LA ROSA ROSAS;;;;;;;
954;MARIA DE LAS MERCEDES;;;;;;;
955;SAN AGUSTIN;;;;;;;
956;SAN ANTONIO;;;;;;;
957;SAN COLUMBANO;;;;;;;
958;SAN LORENZO;;;;;;;
959;SAN PABLO;;;;;;;
960;SAN PEDRO;;;;;;;
961;SANTA MARIA DE LA GRACIA;;;;;;;
962;SANTA ROSA;;;;;;;
963;SANTO TORIBIO DE MOGROVEJO;;;;;;;
964;SE헲R DE LOS MILAGROS;;;;;;;
965;SE헲R DE LUREN;;;;;;;
966;VILLARREAL;;;;;;;
967;VIRGEN DEL ROSARIO;;;;;;;
968;VIRGEN INMACULADA;;;;;;;
969;VIRGEN INMACULADA;;;;;;;
970;ROSA MERINO;;;;;;;
971;HISPANO BRITANICO;;;;;;;
972;SIR ALEXANDER FLEMING;;;;;;;
973;MARIA REYNA DE LOS ANGELES;;;;;;;
974;BRASIL;;;;;;;
976;RAMON CASTILLA;;;;;;;
977;MARCO POLO;;;;;;;
978;SOR ANGELICA CAMPODONICO;;;;;;;
979;DE JESUS;;;;;;;
980;ALBERT EINSTEIN;;;;;;;
981;VIRGEN DEL ROSARIO YUNGAY;;;;;;;
982;CASTILLO REAL;;;;;;;
983;ANTONIO RAIMONDI;;;;;;;
984;JOSE CARLOS MARIATEGUI;;;;;;;
985;METROPOLITANO;;;;;;;
986;CAMBRIDGE COLLEGE;;;;;;;
987;MARISCAL CACERES;;;;;;;
988;ELIM;;;;;;;
989;BILINGUE;;;;;;;
990;ROSA DE AMERICA;;;;;;;
991;LOS REYES MAGOS;;;;;;;
992;JAVIER PRADO;;;;;;;
993;SAN LORENZO;;;;;;;
994;CHAPERITO;;;;;;;
995;SAN JUAN MARIA VIANNEY;;;;;;;
996;ELVIRA GARCIA LORENTE;;;;;;;
998;AA COLEGIOS NO ESCOLARIZADOS;;;;;;;
999;AA COLEGIOS NO REGISTRADOS;;;;;;;
1000;SE헲R DE LOS MILAGROS;;;;;;;
1001;MARIANO IBERICO RODRIGUEZ;;;;;;;
1002;ANTON BRUCKNER;;;;;;;
1003;NSTRA SRA. DE LA MACARENA;;;;;;;
1004;VIRGEN DE LAS MERCEDES;;;;;;;
1005;VIRGEN DE LA PUERTA;;;;;;;
1007;AMERICANO DE SAN BORJA;;;;;;;
1008;ANTONIO RAYMONDI;;;;;;;
1009;LA INMACULADA;;;;;;;
1010;KHIPU;;;;;;;
1011;MARIE REICHE;;;;;;;
1012;LIMA VILLA COLLEGE (DOMINGO FAUSTINO SARMIENTO);;;;;;;
1013;NEWTON COLLEGE (SIR ISAAC NEWTON);;;;;;;
1014;TUPAC AMARU PNP;;;;;;;
1015;LICEO VICTORIA;;;;;;;
1016;SAN ALFONSO MARIA;;;;;;;
1017;MARIE CURIE;;;;;;;
1018;VIRGEN DEL ROSARIO DE YAUCA;;;;;;;
1019;CONFUCIO;;;;;;;
1020;KERPEN HORREN;;;;;;;
1021;"MERCEDARIA ""SAN PEDRO PASCUAL""";;;;;;;
1024;VIRGEN DE GUADALUPE;;;;;;;
1025;ANDRES AVELINO CACERES (MARISCAL);;;;;;;
1026;SANTO DOMINGO;;;;;;;
1027;SOR ANA DE LOS ANGELES;;;;;;;
1028;SANTA CATALINA;;;;;;;
1029;INTERAMERICANO;;;;;;;
1030;WALT WHITMAN;;;;;;;
1031;RAFAEL NARVAEZ CADENILLAS;;;;;;;
1033;BUONARROTI / MIGUEL ANGEL BUONARROTI;;;;;;;
1034;FRANKLIN ROOSEVELT;;;;;;;
1035;INTEGRAL X LA CATOLICA;;;;;;;
1036;RENEE CAMACHO FARQUI;;;;;;;
1037;SANTA ROSA;;;;;;;
1038;TRILCE;;;;;;;
1039;ZARATE;;;;;;;
1040;MELVIN JONES;;;;;;;
1041;KONRAD ADENAUER;;;;;;;
1043;SAN JOSE;;;;;;;
1044;CAYETANO HEREDIA;;;;;;;
1045;SAN BASILIO;;;;;;;
1046;HANS CHRISTIAN OERSTED;;;;;;;
1047;SAN FRANCISCO DE SALES;;;;;;;
1048;INTEGRADO ATAHUALPA;;;;;;;
1049;MONITOR HUASCAR;;;;;;;
1050;SAN JOSE DE SAN VICENTE;;;;;;;
1051;ALGARROBOS;;;;;;;
1052;CEIBOS;;;;;;;
1053;VALLESOL;;;;;;;
1054;LA FE DE MARIA;;;;;;;
1056;NI헲 JESUS DE PRAGA;;;;;;;
1057;SAN BASILIO;;;;;;;
1059;SANTA ROSA  1;;;;;;;
1060;SAN BENITO DE PALERMO;;;;;;;
1061;JEAN PIAGET;;;;;;;
1062;ISAAC NEWTON;;;;;;;
1063;SAN ANTONIO MARIA CLARET;;;;;;;
1064;SIMON BOLIVAR;;;;;;;
1065;JUAN JACOBO ROUSSEAU;;;;;;;
1066;BARBARA D ACHILLE;;;;;;;
1068;EBENEZER;;;;;;;
1069;A&S;;;;;;;
1070;ISAAC NEWTON;;;;;;;
1071;SACO OLIVEROS DE SAN FELIPE;;;;;;;
1072;ANTONIO RAIMONDI DELL' ACQUA;;;;;;;
1073;SAN FRANCISCO DE ASIS;;;;;;;
1074;SOR ANA DE LOS ANGELES MONTEAGUDO;;;;;;;
1075;DIVINO CREADOR;;;;;;;
1076;JOHANES KEPLER;;;;;;;
1077;SAN PEDRO;;;;;;;
1078;DIVINO MAESTRO;;;;;;;
1080;SANTISIMA TRINIDAD;;;;;;;
1081;NUESTRA VIRGEN DEL DIVINO CORAZON;;;;;;;
1082;SAGRADO CORAZON MICHELE;;;;;;;
1083;SAN RAFAEL;;;;;;;
1084;GEORGE BERKELEY/BERKELEY HIGH SCHOOL;;;;;;;
1085;SIR ALEXANDER FLEMING;;;;;;;
1087;VIRGEN DE GUADALUPE;;;;;;;
1088;SEBASTIAN SALAZAR BONDY;;;;;;;
1089;TOMAS EDISON;;;;;;;
1090;SOLIDARIDAD II CAMPOY;;;;;;;
1092;INMACULADA CONCEPCION;;;;;;;
1093;SAN SALVADOR;;;;;;;
1094;SOR ANA DE LOS ANGELES MONTEAGUDO;;;;;;;
1095;BACHILL. UNIV. SAN MARTIN DE PORRES;;;;;;;
1096;MARIA MONTESSORI;;;;;;;
1097;BACHILL. UNIV. PERUANA CAYETANO HEREDIA;;;;;;;
1098;BACH. UNIV. RICARDO PALMA;;;;;;;
1099;TURICARA;;;;;;;
1100;CORPORACION EDUCATIVA NIVEL A SAC;;;;;;;
1101;ALBORADA;;;;;;;
1102;SAN JOSE LA SALLE;;;;;;;
1103;ALTAIR;;;;;;;
1105;EUROAMERICANO;;;;;;;
1106;SAN MIGUEL;;;;;;;
1107;SAN PEDRO;;;;;;;
1108;SCHOOL OF TOMORROW;;;;;;;
1109;TRENER DE MONTERRICO S.A.;;;;;;;
1110;PAMER;;;;;;;
1111;SANTA ROSA DE LAS AMERICAS;;;;;;;
1112;ENRIQUE CAMINO BRENT;;;;;;;
1113;SAN JUAN;;;;;;;
1114;SOL DE LA MOLINA;;;;;;;
1115;NUESTRA SE헲RA DE LA RECONCILIACION;;;;;;;
1116;SANTA PEREGRINA;;;;;;;
1117;CORAZON DE MARIA;;;;;;;
1118;MAESTRO REDENTOR;;;;;;;
1119;CIBERNET;;;;;;;
1120;SAN SILVESTRE;;;;;;;
1121;SANTISIMA MARIA DE LOS CEDROS;;;;;;;
1123;SAN JUAN DE DIOS;;;;;;;
1124;BERTOLD BRECHT;;;;;;;
1125;PERUANO CHINO;;;;;;;
1126;CENTRO EDUCATIVO EXPERIMENTAL UNIV. SANTA;;;;;;;
1127;MI JESUS;;;;;;;
1128;CTRO EDUCATIVO PRIVADO ROBERT LETOURNEAU;;;;;;;
1129;DAVY COLLEGE;;;;;;;
1130;LICEO NAVAL C. DE N. LUIS GERMAN ASTETE;;;;;;;
1131;ROBERT M. SMITH - ASOCIACION CIVIL NEOANDINA;;;;;;;
1132;DEUNI;;;;;;;
1133;RUBEN DARIO;;;;;;;
1134;GREGOR JOHANN MENDEL;;;;;;;
1135;EL HOGAR;;;;;;;
1136;KURT LEWIN;;;;;;;
1137;REINO DE LOS CIELOS;;;;;;;
1138;ISAAC NEWTON;;;;;;;
1139;ANTARES;;;;;;;
1140;JUAN ENRIQUE NEWMAN;;;;;;;
1141;SAN FRANCISCO JAVIER;;;;;;;
1142;SAN ISIDRO EL LABRADOR;;;;;;;
1143;NICOLAS BOURBAKI;;;;;;;
1144;MONTESSORI;;;;;;;
1145;FEDERICO FROEBEL;;;;;;;
1146;CARPE DIEM;;;;;;;
1147;LICEO SAN JUAN;;;;;;;
1148;JOHN LOCKE;;;;;;;
1149;DE JESUS;;;;;;;
1150;HERMANO NOE ZEVALLOS ORTEGA;;;;;;;
1151;DIVINO CORAZON DE JESUS;;;;;;;
1152;SAN IGNACIO DE LOYOLA;;;;;;;
1153;MONTEALTO;;;;;;;
1154;DE JESUS;;;;;;;
1155;SAN ANTONIO DE PADUA DE SANTA MARIA ( EX- ANTONIANAS DE MARIA);;;;;;;
1156;ILVEM;;;;;;;
1157;SIGMA;;;;;;;
1158;GIORDANO BRUNO;;;;;;;
1159;MEDALLA DE MARIA;;;;;;;
1160;AURELIO BALDOR;;;;;;;
1161;LOS ALAMOS;;;;;;;
1162;VIRGEN DE GUADALUPE;;;;;;;
1163;MANUEL COVE헤S;;;;;;;
1164;SANTO DOMINGO;;;;;;;
1165;SAN FRANCISCO DE ASIS;;;;;;;
1166;SAN ISIDRO;;;;;;;
1167;MARIA DE LAS MERCEDES DE SALAMANCA;;;;;;;
1168;VICENTE HORDAZA GOMEZ;;;;;;;
1169;CEM- CENTRO DE ESTUDIOS MATEMATICOS;;;;;;;
1170;MARIA REYNA;;;;;;;
1171;INMACULADO HIGH SCHOOL;;;;;;;
1172;JOSE FIANSON;;;;;;;
1174;NUESTRA SE헲RA DEL ROSARIO;;;;;;;
1175;SANTA ROSA DE LIMA;;;;;;;
1176;TRENTO (TRILCE VENTANILLA);;;;;;;
1177;EL BUEN MAESTRO;;;;;;;
1178;DOMINGO SAVIO;;;;;;;
1179;VIRGEN DEL ROSARIO;;;;;;;
1180;MARISCAL RAMON CASTILLA;;;;;;;
1181;ALEXANDER VON HUMBOLDT;;;;;;;
1182;UNION;;;;;;;
1183;INTERNACIONAL ELIM;;;;;;;
1184;INDIVISA MANENT;;;;;;;
1185;AMERICA;;;;;;;
1186;NUESTRA SE헲RA DE FATIMA;;;;;;;
1187;SAN SILVESTRE;;;;;;;
1188;SAN JUAN BOSCO;;;;;;;
1189;SEGUNDO CABRERA MU헲Z;;;;;;;
1190;CRISTOBAL DE LOZADA Y PUGA;;;;;;;
1191;GALILEO GALILEI;;;;;;;
1192;ANNIE SOPER;;;;;;;
1193;DIVINO MAESTRO;;;;;;;
1194;NUEVA GENERACION;;;;;;;
1195;VIRGEN DE GUADALUPE;;;;;;;
1196;JOSE MARIA ESCRIVA DE BALAGUER Y ALBAS;;;;;;;
1197;SANTISIMA TRINIDAD;;;;;;;
1198;JESUS DE NAZARETH;;;;;;;
1199;IPEC (INSTITUTO DE EDUCACION SUPERIOR PEDAGOGICO);;;;;;;
1200;SAN IGNACIO DE LOYOLA;;;;;;;
1201;PITAGORAS;;;;;;;
1202;SANTO TOMAS DE AQUINO;;;;;;;
1203;AMERICA;;;;;;;
1205;MARIA DE MAEZTU;;;;;;;
1206;PITAGORAS;;;;;;;
1207;LUIS ALBERTO SANCHEZ;;;;;;;
1208;MIGUEL DE CERVANTES;;;;;;;
1209;SAN JOSE;;;;;;;
1210;FLORENCE NIGHTINGALE;;;;;;;
1211;JOHN DALTON;;;;;;;
1212;SAGRADO CORAZON DE LA MOLINA;;;;;;;
1213;MANUEL SCORZA TORRES;;;;;;;
1214;VIRGEN DEL CARMEN;;;;;;;
1215;MASTER SCHOOL;;;;;;;
1216;RAUL PORRAS BARRENECHEA;;;;;;;
1217;CAP. FAP. JOSE QUI헲NES ( EX RICARDO PALMA C.);;;;;;;
1218;NUEVO MUNDO;;;;;;;
1219;REYNA MARIA INMACULADA - RIMAC;;;;;;;
1220;SAN IGNACIO DE LIMA;;;;;;;
1221;CRISTO REDENTOR;;;;;;;
1222;ROSA ALARCO LARRABURE;;;;;;;
1223;BETHEL;;;;;;;
1224;HANS CHRISTIAN ANDERSEN;;;;;;;
1225;BAUTISTA;;;;;;;
1226;LA CATOLICA SIGLO XXI;;;;;;;
1227;SE헲R DE LOS MILAGROS;;;;;;;
1228;ALEXANDER FLEMING;;;;;;;
1229;MARISCAL CACERES;;;;;;;
1230;EDITUM;;;;;;;
1231;ALBERT EINSTEIN;;;;;;;
1232;NUESTRA SE헲RA DE LA MERCED;;;;;;;
1233;SANTA ELIZABETH;;;;;;;
1234;JUAN JACOBO ROUSSEAU;;;;;;;
1235;SAN ANTONIO;;;;;;;
1236;SAN VICENTE DE PAUL;;;;;;;
1237;DE LA CRUZ - ICA;;;;;;;
1238;ANDRES AVELINO CACERES MORALES;;;;;;;
1239;SAN VICENTE DE PAUL;;;;;;;
1240;LORD KELVIN;;;;;;;
1241;SANTA TERESITA;;;;;;;
1242;SIMON BOLIVAR;;;;;;;
1243;CIENCIA Y TECNOLOGIA;;;;;;;
1244;INTEGRADO BELLAVISTA;;;;;;;
1245;SEMINARIO DE SAN CARLOS Y SAN MARCELO;;;;;;;
1246;MATER DEI;;;;;;;
1247;CORAZON DE JESUS;;;;;;;
1248;PABLO BHONER;;;;;;;
1249;SAN VICENTE DE LA BARQUERA;;;;;;;
1250;LOS PEREGRINOS;;;;;;;
1251;SANTO DOMINGO DE GUZMAN;;;;;;;
1252;HIDEYO NOGUCHI;;;;;;;
1253;SAN ALFONSO;;;;;;;
1256;KEITH SHELTON;;;;;;;
1257;HONORES DE BRE헤;;;;;;;
1258;BENJAMIN BARTON;;;;;;;
1259;JOHN F. KENNEDY;;;;;;;
1261;REGINA COELIS;;;;;;;
1262;MASTER INGENIEROS;;;;;;;
1263;CLARA COGORNO DE COGORNO;;;;;;;
1264;CRISTOBAL DE LOSADA Y PUGA;;;;;;;
1265;MANUEL SCORZA II;;;;;;;
1266;JEAN JACQUES ROUSSEAU;;;;;;;
1267;SAN JUAN DE DIOS;;;;;;;
1268;SAN AGUSTIN;;;;;;;
1269;ADVENTISTA AMERICANO;;;;;;;
1271;JAVIER PRADO UGARTECHE;;;;;;;
1272;MAX LUDWIG PLANCK;;;;;;;
1273;JOSE EMILIO VELARDE VARGAS (FAP);;;;;;;
1274;RENAN ELIAS OLIVERA FAP;;;;;;;
1275;SANTA RITA DEL CARMEN;;;;;;;
1276;RITA CASTRO RAMOS;;;;;;;
1277;LUCERITO ALFREDO DEZA;;;;;;;
1278;SAN MARTIN DE PORRES;;;;;;;
1279;NUESTRA SE헲RA DEL CONSUELO;;;;;;;
1282;SANTANDER;;;;;;;
1283;DAVID AUSUBEL;;;;;;;
1284;AGNUS DEI;;;;;;;
1285;VIRGEN MARIA;;;;;;;
1286;JOSE PARDO Y BARREDA;;;;;;;
1287;JESUS SALVADOR;;;;;;;
1288;LITTLE ANGELS XXI;;;;;;;
1289;LOS ROSALES DE SANTA ROSA;;;;;;;
1290;PAMER;;;;;;;
1291;PUKLLASUNCHIS;;;;;;;
1292;SAN FRANCISCO DE LIMA;;;;;;;
1293;SAN PEDRO;;;;;;;
1295;CORAZON INMACULADO;;;;;;;
1296;ESTUDIO Y ENSE헤NZA SANTA ROSA;;;;;;;
1297;INCA GARCILASO DE LA VEGA;;;;;;;
1298;GARCILASO;;;;;;;
1299;SAN FERNANDO;;;;;;;
1300;DIVINA MISERICORDIA;;;;;;;
1301;ROSA DE SANTA MARIA;;;;;;;
1302;DATA SYSTEMS INGENIEROS;;;;;;;
1303;JERUSALEN / PRIVADO JERUSALEN;;;;;;;
1304;BERTOLT BRECHT BREZING;;;;;;;
1305;SAN VALENTIN;;;;;;;
1306;SAN BENITO DE PALERMO;;;;;;;
1307;FRANCISCO PENZOTTI;;;;;;;
1308;DIVINA MISERICORDIA;;;;;;;
1309;CLEMENTE ALTHAUS;;;;;;;
1310;WILLIAM LAMBERT BRITTAIN COLLEGE;;;;;;;
1311;SANTISIMA CRUZ;;;;;;;
1312;ALFA;;;;;;;
1313;NUESTRA SE헲RA DEL CONSUELO;;;;;;;
1314;MERCEDARIOS;;;;;;;
1315;PROLOG - JOSE CARLOS MARIATEGUI;;;;;;;
1316;GERTRUDE HANKS DE VILLA;;;;;;;
1317;DIVINO MAESTRO;;;;;;;
1318;PERUANO AMERICANO;;;;;;;
1319;PAMER;;;;;;;
1320;JACQUES COUSTEAU;;;;;;;
1321;JOHANNES GUTENBERG;;;;;;;
1322;EL APOSENTO ALTO;;;;;;;
1323;SAN AGUSTIN DE ANTARES;;;;;;;
1324;SAN FRANCISCO DE ASIS;;;;;;;
1325;BRYCE;;;;;;;
1326;DEWEY W. HAWKING;;;;;;;
1327;JOSE CARLOS MARIATEGUI;;;;;;;
1328;HOGAR INFANTIL;;;;;;;
1329;SANTA MARIA REYNA;;;;;;;
1330;TRILCE;;;;;;;
1331;PERUANO SUIZO DE LOS ANDES;;;;;;;
1332;TRILCE;;;;;;;
1333;LEONARD EULER;;;;;;;
1334;VIRGEN DE LAS MERCEDES;;;;;;;
1335;EL NI헲 JESUS DEL RIMAC;;;;;;;
1336;ADVENTISTA ESPA헤;;;;;;;
1337;LA PONTIFICIA;;;;;;;
1338;NUESTRA SE헲RA DE FATIMA;;;;;;;
1339;ALFREDO REBAZA ACOSTA;;;;;;;
1340;NUESTRO MARAVILLOSO MUNDO;;;;;;;
1341;DOMINGO ELIAS;;;;;;;
1342;ESCLAVAS DEL SAGRADO CORAZON DE JESUS;;;;;;;
1343;SAGRADO CORAZON MICHEL;;;;;;;
1344;VIRGEN DEL PERPETUO SOCORRO;;;;;;;
1345;SPRINGFIELD COLLEGE;;;;;;;
1346;HUMANISMO Y TECNOLOGIA (HUMTEC);;;;;;;
1347;NUESTRA SE헲RA DE LA LUZ;;;;;;;
1348;NUESTRA SE헲RA DE LA LUZ;;;;;;;
1349;TRILCE;;;;;;;
1350;MARIA Y JOSE;;;;;;;
1351;LEONIDAS YEROVI;;;;;;;
1352;VIRGEN DE LAS MERCEDES;;;;;;;
1353;MANUEL CANDAMO IRIARTE;;;;;;;
1354;ALFONSO UGARTE;;;;;;;
1355;NUESTRA SE헲RA DE GUADALUPE;;;;;;;
1356;SACO OLIVEROS;;;;;;;
1357;SAN VICENTE DE PAUL;;;;;;;
1358;ANTIOQUIA;;;;;;;
1359;HOSANNA;;;;;;;
1360;LA SORBONA;;;;;;;
1361;TRILCE;;;;;;;
1362;SAINT JOSEPH;;;;;;;
1363;SAN BENITO DE PALERMO;;;;;;;
1364;PAUL RIVET;;;;;;;
1365;REPUBLICA DE HOLANDA;;;;;;;
1366;TRILCE;;;;;;;
1367;AVHALDIM;;;;;;;
1368;JUAN PABLO II;;;;;;;
1369;GUSTAVO MOHME LLONA;;;;;;;
1370;SALVADOR DEL SOLAR;;;;;;;
1371;MILAGROSA NUESTRA SE헲RA DEL CARMEN;;;;;;;
1372;SANTA CUARESMA;;;;;;;
1373;JESUS EL BUEN PASTOR;;;;;;;
1375;ALFREDO MALDONADO;;;;;;;
1377;AVANZAD;;;;;;;
1378;BACHILLERATO ALAS PERUANAS;;;;;;;
1379;BENJAMIN FRANKLIN;;;;;;;
1380;CARLOS WIESE;;;;;;;
1381;CESAR VALLEJO;;;;;;;
1382;INMACULADA CONCEPCION;;;;;;;
1384;JESUS EL MAESTRO;;;;;;;
1385;LA PONTIFICIA;;;;;;;
1386;LOS ANDES;;;;;;;
1387;LUISI헲;;;;;;;
1388;MADRE DEL AMOR HERMOSO;;;;;;;
1389;MAGISTER DEI;;;;;;;
1390;MAGISTER LAGRANGE;;;;;;;
1391;MARCELINO CHAMPAGNAT;;;;;;;
1393;MARY CHILDREN;;;;;;;
1394;MIGUEL ANGEL BOUNARROTI;;;;;;;
1395;NUESTRA SE헲RA DE GUADALUPE;;;;;;;
1396;NUESTRA SE헲RA DE GUADALUPE;;;;;;;
1397;PAMER;;;;;;;
1398;ROBERT GAGNE;;;;;;;
1399;ROSA VICTORIA MATICORENA;;;;;;;
1400;SACO OLIVEROS;;;;;;;
1401;SAN AGUSTIN;;;;;;;
1402;SAN AGUSTIN;;;;;;;
1403;COLEGIO SAN ANDRES;;;;;;;
1404;SAN ANTONIO ABAD;;;;;;;
1405;SAN CLEMENTE;;;;;;;
1407;SAN FRANCISCO;;;;;;;
1408;SAN GABRIEL;;;;;;;
1409;SAN IGNACIO DEL RETABLO;;;;;;;
1410;SAN ROQUE;;;;;;;
1411;SAN SILVESTRE;;;;;;;
1412;SANTA ROSA;;;;;;;
1413;SIMON BOLIVAR;;;;;;;
1414;STEPHEN HAWKING;;;;;;;
1415;TRILCE;;;;;;;
1416;TRILCE;;;;;;;
1417;TRILCE;;;;;;;
1418;TRILCE;;;;;;;
1419;TRILCE;;;;;;;
1420;UNIVERSO;;;;;;;
1421;VIRGEN DEL ROSARIO;;;;;;;
1422;WALDEN SCHOOL;;;;;;;
1423;SAN MIGUEL ARCANGEL;;;;;;;
1424;BELEN;;;;;;;
1425;SAN SEBASTIAN;;;;;;;
1426;EDUARDO PALACI;;;;;;;
1427;PILLKO MARKA;;;;;;;
1428;SAN JUAN BAUTISTA;;;;;;;
1429;MARIA INMACULADA;;;;;;;
1430;SANTA MONICA;;;;;;;
1431;SAN ANTONIO DE PADUA;;;;;;;
1432;SANTO TOMAS DE AQUINO DE LOS JARDINES;;;;;;;
1433;DOMINGO F. SARMIENTO;;;;;;;
1434;DOMINGO ELIAS;;;;;;;
1435;SAN IGNACIO DEL PINAR;;;;;;;
1436;SAN ANTONIO DE PADUA PRESBITERO;;;;;;;
1437;CARMELITAS NEW SCHOOL;;;;;;;
1438;SANTISIMA VIRGEN DEL CARMEN;;;;;;;
1439;MARTIR DE LA CIENCIA MEDICA DANIEL A. CARRION GARCIA;;;;;;;
1440;CASUARINAS NEW SCHOOL (PRONOE);;;;;;;
1441;JUAN LANDAZURI RICKETTS;;;;;;;
1442;SAN VICENTE DE PAUL;;;;;;;
1443;MIGUEL CORTES;;;;;;;
1444;CHRISTIAAN BARNARD;;;;;;;
1445;ISAAC NEWTON;;;;;;;
1446;NUESTRA SE헲RA DE GUIA;;;;;;;
1447;JOSE DE ARIMATEA;;;;;;;
1448;SAN MIGUEL ARCANGEL;;;;;;;
1449;SAN IGNACIO DEL PARRAL;;;;;;;
1450;JOHANNES KARL FRIEDRICH GAUSS;;;;;;;
1451;HENRI MENARD;;;;;;;
1452;SAN IGNACIO DE INGENIERIA;;;;;;;
1453;DOSCIENTAS MILLAS PERUANAS;;;;;;;
1454;ALFA;;;;;;;
1455;MADRE TERESA DE CALCUTA;;;;;;;
1456;SAN MARTIN DE PORRES;;;;;;;
1457;PAMER;;;;;;;
1458;PAMER - JESUS MARIA;;;;;;;
1459;JORDAN DE JESUS;;;;;;;
1460;JOSE MARIA ARGUEDAS;;;;;;;
1461;EL BUEN PASTOR DE 헤헤;;;;;;;
1462;SANTISIMA VIRGEN DE CHAPI;;;;;;;
1463;JOSE ANTONIO ENCINAS;;;;;;;
1464;BLAS PASCAL;;;;;;;
1465;MARIA ELISA;;;;;;;
1466;PACO YUNQUE;;;;;;;
1467;LA INMACULADA;;;;;;;
1468;CHI KUNG;;;;;;;
1469;SAN FRANCISCO DE SALES;;;;;;;
1470;ALBERT EINSTEIN DE CAYRAN;;;;;;;
1471;SANTA ISABEL;;;;;;;
1472;FRANCISCO PEREZ DE CUELLAR;;;;;;;
1473;SACO OLIVEROS;;;;;;;
1474;SAN JOSE;;;;;;;
1475;PEDRO RUIZ GALLO;;;;;;;
1476;VIRGEN DE LORETO;;;;;;;
1477;SAN PATRICIO;;;;;;;
1478;SAN NICOLAS;;;;;;;
1479;SAN ANTONIO DE PADUA;;;;;;;
1480;LOS HIJOS DE MARIA;;;;;;;
1481;EL TRIUNFO;;;;;;;
1482;CLARETIANO;;;;;;;
1484;ADVIENTO DE MIRAFLORES;;;;;;;
1485;BARBARA D ACHILLE SCHOOL;;;;;;;
1486;EL CARMELO;;;;;;;
1487;EL NUEVO MARIANNE FROSTIG;;;;;;;
1488;INGENIERIA;;;;;;;
1489;OSCAR FREITAS MINAYA;;;;;;;
1490;ASIS;;;;;;;
1491;TRILCE DE COMAS;;;;;;;
1492;SAN JOSE;;;;;;;
1493;SACO OLIVEROS;;;;;;;
1494;HUASCARAN;;;;;;;
1495;AFUL;;;;;;;
1496;COLUMBIA SCHOOL;;;;;;;
1497;NUESTRA SE헲RA DE GUADALUPE;;;;;;;
1498;SANTA VIRGEN DEL CARMEN;;;;;;;
1499;PROYECTO;;;;;;;
1500;SAN IGNACIO DE LOYOLA;;;;;;;
1501;JESUS SALVADOR;;;;;;;
1502;LEONARDO DE VINCI;;;;;;;
1503;DANIEL ALCIDES CARRION;;;;;;;
1504;MONTE CARMELO;;;;;;;
1505;VIRGEN DE LA FAMILIA;;;;;;;
1506;KAREN HORNEY;;;;;;;
1507;SAN ANTONIO;;;;;;;
1508;LA INMACULADA;;;;;;;
1509;SAN JUAN MARIA VIANNEY (GESTION PUBLICA);;;;;;;
1510;TRILCE;;;;;;;
1511;PAUL VERLAINE;;;;;;;
1512;MARISCAL TORIBIO LUZURIAGA;;;;;;;
1513;JUAN XXIII;;;;;;;
1514;FRANCES MARY BUSS;;;;;;;
1515;SAN IGNACIO DE JESUS;;;;;;;
1516;FOYER DE CHARITE;;;;;;;
1517;APPUL COLLEGE;;;;;;;
1518;ALBANO QUINN;;;;;;;
1519;NEWTON;;;;;;;
1520;ALTERNATIVO B Y M;;;;;;;
1521;ALEXANDER VON HUMBOLDT;;;;;;;
1522;MARIA INMACULADA;;;;;;;
1523;AUGUSTO SALAZAR BONDY - PRONOESA;;;;;;;
1524;ADEU;;;;;;;
1525;SANTA TERESITA DE JESUS;;;;;;;
1526;PITAGORAS;;;;;;;
1527;SAN ISIDRO;;;;;;;
1528;LOS LIBERTADORES;;;;;;;
1529;REGINA PACIS;;;;;;;
1530;AEROPUERTO;;;;;;;
1531;JUAN PABLO AYLLON HERRERA;;;;;;;
1532;WALLON YZAZZO;;;;;;;
1533;CORAZON DE JESUS PIONERO DE LA CIENCIA;;;;;;;
1534;HANS HEINRICH BR㎨ING;;;;;;;
1535;ALEXANDER GRAHAM BELL;;;;;;;
1536;ANDRES BELLO;;;;;;;
1537;EL NAZARENO;;;;;;;
1538;JUAN PABLO II;;;;;;;
1539;NUESTRA SE헲RA DE GUADALUPE;;;;;;;
1540;LEONARDO DA VINCI;;;;;;;
1541;JAVIER HERAUD;;;;;;;
1542;SANTA ANA;;;;;;;
1543;GUSTAVO ADOLFO BECQUER;;;;;;;
1544;GUADALUPE (PRONOE);;;;;;;
1545;BERTOLT BRECHT / BERTOLT BRECHT BREZING;;;;;;;
1546;DORA MAYER DE ZULEN;;;;;;;
1547;OLLANTAY SA;;;;;;;
1548;MARIA INMACULADA;;;;;;;
1549;LINCOLN SCHOOL;;;;;;;
1550;PERUANO AMERICANO;;;;;;;
1551;SAN IGNACIO DEL ALAMO;;;;;;;
1552;JEAN PIAGET;;;;;;;
1553;PABLO PICASSO;;;;;;;
1554;HANS CHRISTIAN;;;;;;;
1555;SAN MARCOS;;;;;;;
1556;SACO OLIVEROS HELICOIDAL;;;;;;;
1557;NUESTRA SE헲RA DE LA PAZ;;;;;;;
1558;MARIA EXALTACION;;;;;;;
1559;SE헲R DE LA VIDA;;;;;;;
1560;JUAN ESPINOZA MEDRANO;;;;;;;
1561;VIRGEN DEL ROSARIO;;;;;;;
1562;EULER;;;;;;;
1563;TERESA GONZALES DE FANNING;;;;;;;
1564;PARCIVAL;;;;;;;
1565;JUAN PABLO II;;;;;;;
1566;SACO OLIVEROS;;;;;;;
1567;MABEL CONDEMARIN;;;;;;;
1568;SE헲R DE LUREN;;;;;;;
1569;SAN ANTONIO (PRONOE);;;;;;;
1570;LOMAS DE SANTA MARIA;;;;;;;
1571;EULER;;;;;;;
1572;SANTA MARIA DE LA MERCED;;;;;;;
1573;SAN AGUSTIN DE MIRAFLORES (PRONOEGNE);;;;;;;
1574;SAN CARLOS;;;;;;;
1575;CORONEL FRANCISCO BOLOGNESI;;;;;;;
1576;EL NAZARENO;;;;;;;
1577;PARADICE HOME SCHOOL;;;;;;;
1578;ROSARIO DEL SOLAR;;;;;;;
1579;SAN RICARDO;;;;;;;
1580;JOHN NEPER;;;;;;;
1581;TECNIMEDIA;;;;;;;
1582;ISAAC NEWTON COLLEGE;;;;;;;
1583;LA MOLINA CHRISTIAN SCHOOLS;;;;;;;
1584;SAN CHARBEL;;;;;;;
1585;SANTO DOMINGO DE GUZMAN;;;;;;;
1586;CRUZ SACO;;;;;;;
1587;EMANUEL;;;;;;;
1588;DIVINO REDENTOR;;;;;;;
1589;CORONEL LEONCIO PRADO DE LOS OLIVOS;;;;;;;
1590;SAN ALFONSO;;;;;;;
1591;APPU;;;;;;;
1592;SAN JOSE DE LOS BALNEARIOS DEL SUR;;;;;;;
1593;CIRO ALEGRIA;;;;;;;
1594;MARIA DE LOS ANGELES;;;;;;;
1595;SAN IGNACIO DEL RETABLO;;;;;;;
1596;JUAN WOLFGANG GOETHE;;;;;;;
1597;28 DE JULIO;;;;;;;
1598;DOMINGO SAVIO;;;;;;;
1599;ANDRES AVELINO CACERES;;;;;;;
1600;SAN VICENTE DEL RETABLO;;;;;;;
1601;LA CATOLICA;;;;;;;
1602;VIRGEN DE FATIMA;;;;;;;
1603;SAN BARTOLOME;;;;;;;
1604;ANTONIO RAIMONDI;;;;;;;
1605;SANTO DOMINGO;;;;;;;
1606;SACO OLIVEROS;;;;;;;
1607;SANTO DOMINGO EL APOSTOL;;;;;;;
1608;SAN MARTIN DE PORRAS;;;;;;;
1609;CHRISTIAN BARNARD;;;;;;;
1610;ALFONSO UGARTE;;;;;;;
1611;LA RICHI;;;;;;;
1612;MIXTO COOPERATIVO;;;;;;;
1613;NI헲 JESUS DE PRAGA;;;;;;;
1614;SAN JUAN BOSCO (NO ESCOLARIZADO);;;;;;;
1615;SANTA CECILIA DE LA CALERA;;;;;;;
1616;LOS NI헲S DE JESUS;;;;;;;
1617;SAN JOSE;;;;;;;
1618;SAN ROQUE;;;;;;;
1619;FRANCISCO DE PAULA GONZALES VIGIL;;;;;;;
1620;SAN LUIS DE BORJA;;;;;;;
1621;LUCIANO METZINGER;;;;;;;
1622;SAN JERONIMO;;;;;;;
1623;SAINT PATRICK;;;;;;;
1624;ALMIRANTE GUISE;;;;;;;
1625;TRILCE PERSHING;;;;;;;
1626;SANTO DOMINGO DE GUZMAN;;;;;;;
1627;SANTA ANA;;;;;;;
1628;JESUS GUIA;;;;;;;
1629;INTERNACIONAL ELIM;;;;;;;
1630;ERNESTO GARCIA CALDERON;;;;;;;
1631;EL NAZARENO;;;;;;;
1632;MATER CHRISTI;;;;;;;
1633;ISAAC NEWTON;;;;;;;
1634;FERNANDO STAHL;;;;;;;
1635;CHRISTIAN BARNARD DE TAHUANTINSUYO;;;;;;;
1636;LICEO BERNHALD BOLZANO;;;;;;;
1637;ALBERT EINSTEIN;;;;;;;
1638;GUADALUPE;;;;;;;
1639;NIELS BOHR;;;;;;;
1640;TRILCE DE SANTA ANITA;;;;;;;
1641;SAN GASPAR;;;;;;;
1642;VIRGEN DE LA ASUNCION;;;;;;;
1643;FRANCISCO ROJAS SCHOOL;;;;;;;
1644;MANUEL PARDO;;;;;;;
1645;RAYMOND CLARK;;;;;;;
1646;JOSE CARLOS MARIATEGUI;;;;;;;
1647;NUESTRA SE헲RA DE LA MERCED;;;;;;;
1648;EMMANUEL;;;;;;;
1649;NIVEL A;;;;;;;
1650;ANDRES BELLO;;;;;;;
1651;DEL PACIFICO;;;;;;;
1652;GENERAL JOSE DE SAN MARTIN;;;;;;;
1653;ALFRED NOBEL;;;;;;;
1654;NUESTRA SE헲RA DE LA ASUNCION;;;;;;;
1655;ISAAC NEWTON (COLEGIO DE CIENCIAS);;;;;;;
1656;TALENTOS;;;;;;;
1657;SANTA RITA DE CASIA;;;;;;;
1658;MATTER PURISIMA;;;;;;;
1659;AMERICA;;;;;;;
1660;ABRAHAM LINCOLN;;;;;;;
1661;REINA ALMA DE LAS AMERICAS;;;;;;;
1662;ROSA MARIA CHEC A;;;;;;;
1663;NI헲 JESUS DE PRAGA - COLEGIO;;;;;;;
1664;SANTA MARIA DE LA PROVIDENCIA;;;;;;;
1665;JUAN PABLO II;;;;;;;
1666;LOS ANGELES DE JESUS;;;;;;;
1667;NI헲 DE LA PAZ;;;;;;;
1668;NEIL ARMSTRONG;;;;;;;
1669;ANGELES DE LA PAZ;;;;;;;
1670;ALBERT EINSTEIN;;;;;;;
1671;LAS PALMAS NUEVA ESPERANZA;;;;;;;
1672;SAN MARCOS;;;;;;;
1673;SANTA ROSA DE QUIVES;;;;;;;
1674;CHAMPAGNAT;;;;;;;
1675;SANTA LUCIA;;;;;;;
1676;CRISTO REY;;;;;;;
1677;SAN JUAN BOSCO;;;;;;;
1678;SAGRADA FAMILIA;;;;;;;
1679;LA ESPERANZA;;;;;;;
1680;FRANCISCO BOLOGNESI;;;;;;;
1681;ATRIO SCHOOL;;;;;;;
1682;JUANA ALARCO DE DAMMERT;;;;;;;
1683;FEDOR M. DOSTOIESKY;;;;;;;
1684;HEROES DEL PACIFICO;;;;;;;
1685;ISAAC NEWTON;;;;;;;
1686;SAN VICENTE DE PAUL;;;;;;;
1687;VILLA MARIA;;;;;;;
1688;LATINO;;;;;;;
1689;CAPESAT (PRONOE);;;;;;;
1690;FELIX TELLO ROJAS;;;;;;;
1691;TRILCE;;;;;;;
1692;HARVAR;;;;;;;
1693;TOFFLER;;;;;;;
1694;ABRAHAM VALDELOMAR;;;;;;;
1695;SACO OLIVEROS (PASCUAL);;;;;;;
1696;PACEM IN TERRIS;;;;;;;
1697;"LLAMK""ACHINAPAQ";;;;;;;
1698;FRIENDSHIP HIGH SCHOOL;;;;;;;
1699;SIGMA;;;;;;;
1700;LICEO SANTO DOMINGO;;;;;;;
1701;LUZ ANDINA;;;;;;;
1702;MARIA GORETTI;;;;;;;
1703;MARIA REICHE GROSSE NEUMANN;;;;;;;
1704;SAN JOSE DE NAZARETH;;;;;;;
1705;VILLA ALARIFE;;;;;;;
1706;SANTA VICTORIA;;;;;;;
1707;GRAN MARISCAL RAMON CASTILLA;;;;;;;
1708;REAL PACIFICO;;;;;;;
1709;ALEXANDER FLEMING;;;;;;;
1710;PADRE CHAMPAGNAT DE LOS OLIVOS;;;;;;;
1711;SAN LUIS;;;;;;;
1712;MANUEL PARDO;;;;;;;
1713;LOS ANDES;;;;;;;
1714;UNIDOS;;;;;;;
1715;JUAN XXIII;;;;;;;
1716;SAN IGNACIO DE LOYOLA;;;;;;;
1717;SANTO DOMINGO;;;;;;;
1718;DEL NORTE;;;;;;;
1719;MIGUEL GRAU;;;;;;;
1720;JOSE CARLOS MARIATEGUI;;;;;;;
1721;CARLOS ALBERTO IZAGUIRRE;;;;;;;
1722;CARLOS FREDERICK GAUSS;;;;;;;
1723;JESUS MAESTRO;;;;;;;
1724;ANTON MAKARENKO;;;;;;;
1725;RENE DESCARTES;;;;;;;
1726;ADA A. BYRON;;;;;;;
1727;EL CARMELO;;;;;;;
1728;NUESTRA SE헲RA DE LA SALUD;;;;;;;
1729;TRILCE;;;;;;;
1730;NUESTRA SE헲RA DE GUADALUPE SEGUNDO;;;;;;;
1731;SAN MARCOS DEL SUR;;;;;;;
1732;LAS AMERICAS;;;;;;;
1733;TRILCE;;;;;;;
1734;TRILCE;;;;;;;
1735;JESUS MAESTRO;;;;;;;
1736;CESAR VALLEJO MENDOZA;;;;;;;
1737;ALBERT EINSTEIN;;;;;;;
1738;SANTA ELENA;;;;;;;
1739;FRANCISCO DE ZELA;;;;;;;
1740;AUGUSTO SALAZAR BONDY;;;;;;;
1741;LICEO MEGANTONY;;;;;;;
1742;AMIGOS DE JESUS;;;;;;;
1743;LEONARDO DE PISA;;;;;;;
1744;NUESTRA SE헲RA DE COPACABANA;;;;;;;
1746;SAN DIMAS;;;;;;;
1747;MARISCAL TORIBIO DE LUSURIAGA;;;;;;;
1748;ERNESTO VELIT RUIZ;;;;;;;
1749;JUAN CRONIQUEUR;;;;;;;
1750;SERGE REYNAUD DE LA FERRIER;;;;;;;
1751;SANTA CECILIA;;;;;;;
1752;PEAD UNIDOS;;;;;;;
1753;HOGAR DE JESUS;;;;;;;
1754;TRILCE CHICLAYO;;;;;;;
1755;APOSTOL SAN PEDRO;;;;;;;
1756;VICTOR VALENZUELA GUARDIA;;;;;;;
1757;SAN PABLO APOSTOL;;;;;;;
1758;SAN JUAN BOSCO;;;;;;;
1759;REY DE REYES;;;;;;;
1760;NUESTRA SE헲RA DEL PERPETUO SOCORRO;;;;;;;
1761;EMANUEL DIOS CON NOSOTROS;;;;;;;
1762;JR. TEODORO SALAZAR 200;;;;;;;
1763;FRATERNIDAD UNIVERSAL;;;;;;;
1764;MARIA RAFOLS;;;;;;;
1765;ELLEN PARKURST;;;;;;;
1766;HARVARD;;;;;;;
1767;ALFA;;;;;;;
1768;DE JESUS;;;;;;;
1769;DIDASCALIO SAN JOSE OBRERO;;;;;;;
1770;JOHN NASH HIGH SCHOOL;;;;;;;
1771;SANTO DOMINGO SAVIO;;;;;;;
1772;PITAGORAS;;;;;;;
1773;MARIA MILAGROSA;;;;;;;
1774;ORION;;;;;;;
1775;ALEXANDER GRAHAM BELL;;;;;;;
1776;WILLIAM HARVEY;;;;;;;
1777;JOSE ANTONIO ENCINAS FRANCO;;;;;;;
1779;SANTA GABRIELA BONINO;;;;;;;
1780;SANTA TERESA;;;;;;;
1781;ALBERT EINSTEIN;;;;;;;
1782;MARCELINO CHAMPGNAT;;;;;;;
1783;INTEGRAL CLASS;;;;;;;
1784;MARIA DEL ROSARIO;;;;;;;
1785;LICEO ITALIANO;;;;;;;
1786;JUAN ESPINOZA MEDRANO;;;;;;;
1787;NAZARENO;;;;;;;
1788;JORGE CHAVEZ;;;;;;;
1789;LUIS E. GALVAN;;;;;;;
1790;JEAN CALVIN LEFRANC;;;;;;;
1791;ALBERT EINSTEIN;;;;;;;
1792;VIRGEN DE GUADALUPE;;;;;;;
1793;JORGE CHAVEZ DARTNELL;;;;;;;
1794;MAX PLANCK;;;;;;;
1795;SANTA MARIA REYNA;;;;;;;
1796;TRILCE AREQUIPA;;;;;;;
1797;NI헲 JESUS;;;;;;;
1798;PITAGORAS NUEVO SAN JUAN;;;;;;;
1799;SALAZAR BONDY;;;;;;;
1800;SAN CARLOS;;;;;;;
1801;SAN VICENTE;;;;;;;
1802;CESAR VALLEJO;;;;;;;
1803;TRILCE LA MERCED;;;;;;;
1804;SAN IGNACIO DE CARABAYLLO;;;;;;;
1805;MARISTAS SIGLO XXI;;;;;;;
1806;ALIPIO PONCE;;;;;;;
1807;COLUMBIA;;;;;;;
1808;CRISTO AMIGO;;;;;;;
1809;PITAGORAS NIVEL A;;;;;;;
1810;LATINOAMERICANO;;;;;;;
1811;EDUARDO FRANCISCO FORGA;;;;;;;
1812;LA DIVINA MISERICORDIA;;;;;;;
1813;SANTA MARIA;;;;;;;
1814;ANDRES BELLO;;;;;;;
1815;AMERICANO;;;;;;;
1816;SAN MARTIN DE PORRAS;;;;;;;
1817;SAN ANTONIO;;;;;;;
1818;SANTA ANA;;;;;;;
1819;SE헲R DE GUALAMITA;;;;;;;
1820;MARIA REICHE;;;;;;;
1821;RAMON CASTILLA;;;;;;;
1822;HIGH SCHOOL ALBERT EINSTEIN;;;;;;;
1823;MI JESUS;;;;;;;
1824;PIERRE LAPLACE;;;;;;;
1825;BARCIA BONIFATTI;;;;;;;
1826;MARIANO MELGAR;;;;;;;
1827;DIEZ DE OCTUBRE;;;;;;;
1828;CESAR VALLEJO;;;;;;;
1829;EL ATENEO;;;;;;;
1830;NI헲 JESUS DE PRAGA;;;;;;;
1831;DIEGO THOMSON;;;;;;;
1832;LATINOAMERICANO;;;;;;;
1833;SISE;;;;;;;
1834;REINA DE LOS ANGELES;;;;;;;
1835;TECNIGRAP;;;;;;;
1836;TRILCE;;;;;;;
1837;SAN EFRAIN;;;;;;;
1838;KAROL WOJTYLA COLLEGE;;;;;;;
1839;SAN JUDAS TADEO;;;;;;;
1840;SAN AGUSTIN;;;;;;;
1841;EVARISTE GALOIS;;;;;;;
1842;SAN IGNACIO DE LOYOLA;;;;;;;
1843;LIBERTADOR SIMON BOLIVAR;;;;;;;
1844;CRISTO JESUS;;;;;;;
1845;SAN VICENTE FERRER;;;;;;;
1846;HONORES;;;;;;;
1847;CORAZON DE JESUS;;;;;;;
1848;INTEGRAL;;;;;;;
1849;JOSE MARTI;;;;;;;
1850;SANTA MARIA MAZZARELLO;;;;;;;
1851;TRILCE DE TRUJILLO;;;;;;;
1852;EL BUEN PASTOR / CRISTIANO EL BUEN PASTOR;;;;;;;
1853;MIGUEL GRAU SEMINARIO;;;;;;;
1854;TRILCE MARSANO;;;;;;;
1855;BHONNER;;;;;;;
1856;SAN JOSE Y EL REDENTOR;;;;;;;
1857;SAN AGUSTIN;;;;;;;
1858;DIVINO NI헲 DE JESUS;;;;;;;
1859;ALFRED NOBEL;;;;;;;
1860;SE헲R DE LUREN;;;;;;;
1861;DIVINO SEMBRADOR;;;;;;;
1862;SAN PEDRO;;;;;;;
1863;BARBARA D'ACHILLE;;;;;;;
1864;SEBASTIAN SALAZAR BONDY;;;;;;;
1865;SAN CARLOS DE BAMBAMARCA;;;;;;;
1866;NUESTRA VIRGEN DEL ROSARIO;;;;;;;
1867;SAN MARCO;;;;;;;
1868;INMACULADO CORAZON DE MARIA;;;;;;;
1869;MARIA REYNA;;;;;;;
1870;THALES;;;;;;;
1871;CESAR CANEVARO;;;;;;;
1872;SANTA MARIA APOSTOL;;;;;;;
1873;ENRIQUE OPPENHEIMER;;;;;;;
1874;SAGRADO CORAZON;;;;;;;
1875;EL GRAN MAESTRO;;;;;;;
1876;NUESTRA SE헲RA DE GUADALUPE;;;;;;;
1877;APEIRON;;;;;;;
1878;SANTA MARIA DE MATELLINI;;;;;;;
1879;CEPEBAN;;;;;;;
1880;INCA GARCILAZO DE LA VEGA;;;;;;;
1881;NUESTRA SE헲RA DE LA PAZ;;;;;;;
1882;ANDRES BELLO;;;;;;;
1883;SAN MARTIN DE PORRES TEACH'N LEARN;;;;;;;
1884;CLAUDIO GALENO;;;;;;;
1885;REYNA DE LA PAZ;;;;;;;
1886;CIENTIFICA;;;;;;;
1887;ADEU;;;;;;;
1888;SAN FRANCISCO DE ASIS;;;;;;;
1889;SAGRADO CORAZON DE JESUS;;;;;;;
1890;C. VALLEJO;;;;;;;
1891;JUAN ENRIQUE PESTALOZZI;;;;;;;
1892;JESUS EL GRAN MAESTRO;;;;;;;
1893;FRANCISCO DE PAULA GONZALEZ VIGIL;;;;;;;
1894;NI헲 DE BELEN;;;;;;;
1895;PITAGORAS DE SAMOS;;;;;;;
1896;WILLIAM SHAKESPEARE;;;;;;;
1897;INGENIEROS UNI DE LA MOLINA;;;;;;;
1898;SANTO DOMINGO DE GUZMAN;;;;;;;
1899;SOR ANA DE LOS ANGELES;;;;;;;
1900;LICEO SANTO TORIBIO;;;;;;;
1901;CRISTONY;;;;;;;
1902;INGENIEROS UNI;;;;;;;
1903;INGENIERIA;;;;;;;
1904;NAZARENO;;;;;;;
1905;SANTA MARIA LA MAYOR;;;;;;;
1906;MAX PLANCK;;;;;;;
1907;JOSE ANTONIO ENCINAS;;;;;;;
1908;SANTA ANITA;;;;;;;
1909;ENRICO FERMI;;;;;;;
1910;CRNL. JOSE JOAQUIN INCLAN;;;;;;;
1911;JORGE CHAVEZ;;;;;;;
1912;YURIMAGUAS DEL SAGRADO CORAZON DE JESUS;;;;;;;
1913;D'UNI;;;;;;;
1914;SANTA VERONICA;;;;;;;
1915;SANTA MARIA;;;;;;;
1917;AUGUSTO SALAZAR BONDY;;;;;;;
1918;JUAN ESPINOZA MEDRANO;;;;;;;
1919;CHIUMDSA;;;;;;;
1920;L'HERMITAGE SRL;;;;;;;
1921;EMMANUEL COLLEGE;;;;;;;
1922;JOSE MARIA ARGUEDAS;;;;;;;
1923;DIVINO MAESTRO;;;;;;;
1924;HENRI WALLON;;;;;;;
1925;SAN RAMON NONATO;;;;;;;
1926;MARIA INMACULADA CONCEPCION;;;;;;;
1927;VIRGEN DE LAS MERCEDES DEL TREBOL;;;;;;;
1928;CONSUELO VALLEJOS;;;;;;;
1929;SAN BENITO DE PALERMO;;;;;;;
1930;SANTO DOMINGO EL PREDICADOR;;;;;;;
1931;SANTISIMA VIRGEN DE LA PUERTA;;;;;;;
1932;VIRGEN DE LA MEDALLA MILAGROSA;;;;;;;
1933;INMACULADA CONCEPCION;;;;;;;
1934;ALAS PERUANAS;;;;;;;
1935;SAN IGNACIO DE JESUS;;;;;;;
1936;LE D'ALEMBERT;;;;;;;
1937;HEROES DE LA BE헤;;;;;;;
1938;CATOLICA SAN PIO X;;;;;;;
1939;VILLA LOS ANGELES;;;;;;;
1940;SANTA MARIA DE BRE헤;;;;;;;
1941;VILLARREAL;;;;;;;
1942;NUEVO PITAGORAS;;;;;;;
1943;LOS SIERVOS DE JESUS;;;;;;;
1944;CRISTO MORADO;;;;;;;
1945;APEIRON;;;;;;;
1946;JUAN JACOBO ROUSSEAU;;;;;;;
1947;SAN IDELFONSO;;;;;;;
1948;ASEACES PORTALES DEL SABER;;;;;;;
1949;CATOLICO SANTA URSULA;;;;;;;
1950;BRASIL;;;;;;;
1951;VIRGEN DE GUADALUPE;;;;;;;
1952;TRILCE MARANGA;;;;;;;
1953;NUESTRA SE헲RA DE LAS MERCEDES;;;;;;;
1954;SAN MIGUEL ARCANGEL DE SANGALLAYA;;;;;;;
1955;BELEN;;;;;;;
1956;AGUSTIN HIPONA;;;;;;;
1957;DEL PACIFICO;;;;;;;
1958;FERMIN TANGUIS;;;;;;;
1959;SAN JOSE MARELLO VIALE;;;;;;;
1960;SAN AGUSTIN;;;;;;;
1961;NUESTRA SE헲RA DEL PERPETUO SOCORRO;;;;;;;
1962;PITAGORAS DE COMAS;;;;;;;
1963;SAN JUAN BOSCO;;;;;;;
1964;CIMA;;;;;;;
1965;HUANUCO;;;;;;;
1966;RAIMONDI;;;;;;;
1967;LUCAS;;;;;;;
1968;MARIANISTA;;;;;;;
1969;JOSE DE SAN MARTIN;;;;;;;
1970;SALVADOR;;;;;;;
1971;BRYCE;;;;;;;
1972;LOS SANTOS APOSTOLES;;;;;;;
1973;PAMER;;;;;;;
1974;SANTA ISABEL DE HUNGRIA;;;;;;;
1975;JOHN DEWEY;;;;;;;
1976;ATENEO DE LA MOLINA;;;;;;;
1977;ESTRELLA DE MARIA / STELLA MARIS;;;;;;;
1978;SANTA ISABEL DE HUNGRIA;;;;;;;
1979;SAN ANTONIO DE ABAD;;;;;;;
1980;JUAN PABLO PEREGRINO;;;;;;;
1981;JESUS REPARADOR;;;;;;;
1983;LOS OLIVOS;;;;;;;
1984;INMACULADO CORAZON DE MARIA;;;;;;;
1985;MARIA REICHE;;;;;;;
1986;CESAR VALLEJO;;;;;;;
1987;EDUARDO FORGA;;;;;;;
1988;AMERICANO;;;;;;;
1989;PAMER;;;;;;;
1990;MARIA REYNA DE LA PAZ;;;;;;;
1991;MADRE TERESA DE CALCUTA;;;;;;;
1992;COLEGIO PERUANO DE CIENCIAS;;;;;;;
1993;INFANTA MARIA;;;;;;;
1994;JOSEPH AND MERY HIGH SCHOOL;;;;;;;
1995;PAMER MAGDALENA;;;;;;;
1996;TRILCE ESCARDO (TRENTO INTISUYO);;;;;;;
1997;NUESTRA SE헲RA DE MONSERRAT;;;;;;;
1998;SAN JUAN CRISOSTOMO;;;;;;;
1999;JOSE ANTONIO ENCINAS;;;;;;;
2000;THE TIGERS;;;;;;;
2001;TRILCE / TRILCE PUCALLPA;;;;;;;
2002;REY DE REYES;;;;;;;
2003;CIMA;;;;;;;
2004;INGENIERIA;;;;;;;
2005;JESUS EL MAESTRO HIGH SCHOOL;;;;;;;
2006;ALGORITMO;;;;;;;
2007;VIRGEN DE LAS NIEVES;;;;;;;
2008;EL PACIFICO;;;;;;;
2009;40159 EJERCITO AREQUIPA;;;;;;;
2010;PIERRE SIMON LAPLACE;;;;;;;
2011;PASCUAL SACO OLIVEROS;;;;;;;
2012;INTERNACIONAL ELIM;;;;;;;
2013;ORION;;;;;;;
2014;SAN ANDR텝;;;;;;;
2015;MARISCAL RAMON CASTILLA;;;;;;;
2016;MARIA DE LOS ANGELES;;;;;;;
2017;THALES DE MILETO;;;;;;;
2018;JUAN PABLO PEREGRINO;;;;;;;
2019;SAN ALFONSO;;;;;;;
2020;ASOCIACION EDUCATIVA LENUS;;;;;;;
2021;NUESTRA SRA. DEL ROSARIO;;;;;;;
2022;MCM. DANIEL A. CARRI흁 GARC페;;;;;;;
2023;PIT첺ORAS;;;;;;;
2024;VIRGEN DEL ROSARIO SALAMANCA;;;;;;;
2025;DON BOSCO;;;;;;;
2026;EBEN EZER;;;;;;;
2027;SANTIAGO ANT＞EZ DE MAYOLO;;;;;;;
2028;ANGELO PATRI;;;;;;;
2029;ARIEL;;;;;;;
2030;SAN JOSE;;;;;;;
2031;INGENIERIA;;;;;;;
2032;ELVIRA GARCIA Y GARCIA;;;;;;;
2033;MIGUEL ARCANGEL;;;;;;;
2034;SAN NICOLAS;;;;;;;
2035;SACO OLIVEROS DE LIMA;;;;;;;
2036;NICOLAI LOBACHEWSKY;;;;;;;
2037;SANTA MARIA;;;;;;;
2038;D. JESUS DE COMAS S.A.;;;;;;;
2039;CORAZON DE MARIA;;;;;;;
2040;SANTA FILIPINA DUCHESNE;;;;;;;
2041;SAN ANTONIO DE CARAPONGO;;;;;;;
2042;SACO OLIVEROS DE SANTA BEATRIZ;;;;;;;
2043;MANUEL POLO JIMENEZ;;;;;;;
2044;PITAGORAS SAN MIGUEL;;;;;;;
2045;MONSE헲R JOSEMARIA ESCRIV DE BALAGUER;;;;;;;
2046;SACO OLIVEROS;;;;;;;
2047;WILLIAM SHAKESPEARE;;;;;;;
2048;ENRIQUE N. ESPINOSA;;;;;;;
2049;SANTA TERESA DE 쳈ILA;;;;;;;
2050;SANTA MONICA;;;;;;;
2051;LATINO;;;;;;;
2052;FEDERICO VILLAREAL;;;;;;;
2053;SANTA MARIA DEL ROSARIO;;;;;;;
2054;SAN LORENZO;;;;;;;
2055;CORONEL LEONCIO PRADO;;;;;;;
2056;LA INMACULADA;;;;;;;
2057;PAULO FREIRE;;;;;;;
2058;ABRAHAM MASLOW;;;;;;;
2059;SAN PATRICIO;;;;;;;
2060;SOR ANA DE LOS ANGELES;;;;;;;
2061;RAFAEL MARISCAL QUINTANILLA;;;;;;;
2062;WALT WHITMAN;;;;;;;
2063;ADUNI-A;;;;;;;
2064;SAN LUIS GONZAGA;;;;;;;
2065;NI헲 JESUS DE BELEN;;;;;;;
2066;SAN AGUSTIN;;;;;;;
2067;LA SAGRADA FAMILIA;;;;;;;
2068;ANTONIO RAIMONDI;;;;;;;
2069;MARCELINO PAN Y VINO;;;;;;;
2070;MAETERLINCK MAURICIO;;;;;;;
2071;REPUBLICA DE FRANCIA;;;;;;;
2072;CRAMER;;;;;;;
2073;MAESTRO CRUZ SACO;;;;;;;
2074;LA CATOLICA;;;;;;;
2075;CESAR VALLEJO;;;;;;;
2076;ISABEL LA CATOLICA;;;;;;;
2077;SAN LUIS GONZAGA;;;;;;;
2078;EL CAMINO;;;;;;;
2079;FAUSTINO PIAGGIO;;;;;;;
2080;INTERNACIONAL ELIM;;;;;;;
2081;PALAS ATENEA;;;;;;;
2082;LA ALBORADA;;;;;;;
2083;YACHAYHUASI;;;;;;;
2084;SAN LUCAS;;;;;;;
2085;SAN AGUSTIN;;;;;;;
2086;JOYCE;;;;;;;
2087;COLEGIO JESUS MI REDENTOR;;;;;;;
2088;MARIA MAGDALENA;;;;;;;
2089;MAGDA PORTAL;;;;;;;
2090;BEATA SARITA COLONIA;;;;;;;
2091;CORAZON DE JESUS;;;;;;;
2092;LA INMACULADA CONCEPCI흁;;;;;;;
2093;LOS ANGELES DE SAN JOSE;;;;;;;
2094;SAN DIEGO DE ALCALA;;;;;;;
2095;INSTITUCI횙 EDUCATIVA PRIVADA ALBERT EINSTEIN;;;;;;;
2096;LA MERCED DE BRE헤;;;;;;;
2097;ALBERT EINSTEN;;;;;;;
2098;COLEGIO PERUANO CANADIENSE;;;;;;;
2099;SAN GERARDO;;;;;;;
2100;VIRGEN DEL ROSARIO;;;;;;;
2101;UNIMASTER;;;;;;;
2102;PAMER-CARABAYLLO;;;;;;;
2103;FRANCISCANO SAN ROMAN;;;;;;;
2104;SAN JOS DE CARABAYLLO;;;;;;;
2105;VILLA SAN JUAN;;;;;;;
2106;PAMER;;;;;;;
2107;UNIMUNDO;;;;;;;
2108;SE헲R DE LA SOLEDAD;;;;;;;
2109;CIMAFIQ;;;;;;;
2110;TRILCE COLONIAL;;;;;;;
2111;NUESTRA SE헲RA DE LA NATIVIDAD;;;;;;;
2112;MILLENIUM;;;;;;;
2113;LOS ROSALES;;;;;;;
2114;JAIME WHITE;;;;;;;
2115;JESUS ES MI LUZ;;;;;;;
2116;EL REDENTOR;;;;;;;
2117;HONORES LUMBRERAS;;;;;;;
2118;TRILCE;;;;;;;
2119;DANIEL ALCIDES CARRION;;;;;;;
2120;VIRGEN DE LA ESPERANZA;;;;;;;
2121;LATINOAMERICANO;;;;;;;
2122;AMADEUS;;;;;;;
2123;LA CIENTIFICA;;;;;;;
2124;JULIO RAMON RIBEYRO;;;;;;;
2125;PASCUAL SACO OLIVEROS - LUMBRERAS;;;;;;;
2126;SANTO DOMINGO SAVIO;;;;;;;
2127;VIRGEN DE LA RECONCILIACION;;;;;;;
2128;NUESTRA SE헲RA DEL SAGRADO CORAZON DE JESUS;;;;;;;
2129;VIRGEN DE GUADALUPE;;;;;;;
2130;LA SALLE SISTEMS;;;;;;;
2131;SAN JUAN;;;;;;;
2132;EL GUADALUPANO;;;;;;;
2133;CRUZ SACO DE SANTA LUZMILA;;;;;;;
2134;MONITOR HUASCAR;;;;;;;
2135;PERUANO DEL SAGRADO CORAZON;;;;;;;
2136;SAN LUCAS;;;;;;;
2137;REVERENDO HERMANO GASTON MARIA S.A.;;;;;;;
2138;CORAZON DE JESUS;;;;;;;
2139;IMPERIO;;;;;;;
2140;INGENIEROS UNI;;;;;;;
2141;SAN FELIPE NERI;;;;;;;
2142;OSCAR MIRO QUESADA;;;;;;;
2143;NUESTRA SE헲RA DE LA MERCED;;;;;;;
2144;NEW ALBERT EINSTEIN SCHOOL;;;;;;;
2145;SAN IGNACIO DE LOYOLA;;;;;;;
2146;SAN DIEGO COLLEGE;;;;;;;
2147;SANTA MARIA VIRGEN;;;;;;;
2148;SANTA ROSA DE LIMA;;;;;;;
2149;DIOS ES AMOR;;;;;;;
2150;NUESTRA SE헲RA DEL CARMEN;;;;;;;
2151;CRUZ SACO DEL PINAR;;;;;;;
2152;MI PERU;;;;;;;
2153;NIELS BOHR;;;;;;;
2154;LA CATOLICA;;;;;;;
2155;JESUS SALVADOR;;;;;;;
2156;CIENCIAS APLICADAS;;;;;;;
2157;ANTONIA MORENO DE CACERES;;;;;;;
2158;MAX SCHELER;;;;;;;
2159;MARIA INMACULADA;;;;;;;
2160;TUPAC AMARU;;;;;;;
2161;NUESTRA SE헲RA VIRGEN DEL CARMEN;;;;;;;
2162;TRILCE FAUCETT;;;;;;;
2163;SAN JUAN BAUTISTA S.A.;;;;;;;
2164;ALEXANDER VON HUMBOLDT;;;;;;;
2165;PAUL MAURICIO DIRAX;;;;;;;
2166;LICEO SAN AGUSTIN;;;;;;;
2167;PASCUAL SACO OLIVEROS;;;;;;;
2168;LOS DOMINICOS DE PALAO;;;;;;;
2169;EL SEMBRADOR;;;;;;;
2170;SOMOS CULTURA ORGANIZADA ACADEMICAMENTE;;;;;;;
2171;FRANCO PERUANO GUSTAVE EIFFEL;;;;;;;
2172;MATER PURISSIMA;;;;;;;
2173;MONTE CARMELO;;;;;;;
2174;LA CATOLICA MEGANORTE;;;;;;;
2175;SAN ANTONIO DE LIMA COLLEGE;;;;;;;
2176;DEFENSORES DE ZARUMILLA;;;;;;;
2177;LUIS NEGREIROS VEGA;;;;;;;
2178;SAN ISIDRO PATRON DE VITARTE;;;;;;;
2179;SANTA MARIA;;;;;;;
2180;CIENCIAS;;;;;;;
2181;GALENO LIMA SUR;;;;;;;
2182;HANS CHRISTIAN ANDERSEN;;;;;;;
2183;RAM흁 SUREZ SAURI;;;;;;;
2184;NELIDA NOEMI LEYVA TORRES;;;;;;;
2185;PAUL GROUSSAC DE COMAS;;;;;;;
2186;JUAN PABLO II;;;;;;;
2187;CRUZ SACO;;;;;;;
2188;CEBA G.P WILLIAM MORRIS;;;;;;;
2189;SANTA LUISA DE MARILLAC;;;;;;;
2190;MARKHAM;;;;;;;
2191;SE헲R DE LA ASCENCION;;;;;;;
2192;GENERAL EMILIO SOYER CABERO;;;;;;;
2193;SANTA ROSA DE QUIVES;;;;;;;
2194;BELLA UNION;;;;;;;
2195;RICARDO PALMA;;;;;;;
2196;CORAZON DE JESUS;;;;;;;
2197;MIGUEL ANGEL;;;;;;;
2198;GUADALUPE;;;;;;;
2199;PITAGORAS DE SAMOS;;;;;;;
2200;SOR ANGELA LECCA;;;;;;;
2201;NUESTRA SE헲RA DEL PERPETUO SOCORRO;;;;;;;
2202;ALFREDO REBAZA ACOSTA;;;;;;;
2203;PASTORES DE LA VIRGEN;;;;;;;
2204;NUESTRA SE헲RA DE LA PAZ;;;;;;;
2205;INGENIERIA;;;;;;;
2206;TRENTO ATE;;;;;;;
2207;HEROES DEL PACIFICO;;;;;;;
2208;RAMIRO VILLAVERDE LAZO;;;;;;;
2209;SAGRADO CORAZON DE JESUS;;;;;;;
2210;SAN ANTONIO ABAD;;;;;;;
2211;HUSARES DE JUNIN;;;;;;;
2212;SAN PABLO;;;;;;;
2213;COLEGIO MAYOR SECUNDARIO PRESIDENTE DEL PERU;;;;;;;
2214;B. GROUP;;;;;;;
2215;IEP PORTADORES DE LUZ;;;;;;;
2216;LA PONTIFICIA;;;;;;;
2217;SAN BENITO DE PALERMO;;;;;;;
2218;VIRGEN DE FATIMA;;;;;;;
2219;RICARDO PALMA;;;;;;;
2220;ALEXANDER FLEMING;;;;;;;
2221;MARK TWAIN SCHOOL;;;;;;;
2222;VILLA AMERICA;;;;;;;
2223;HIMALAYA;;;;;;;
2224;SAN ANTONIO;;;;;;;
2225;SANTA MARIA DEL CAMINO;;;;;;;
2226;SAN LAZARO;;;;;;;
2227;MENTES BRILLANTES;;;;;;;
2228;LOS PORTALES DEL SABER;;;;;;;
2229;SAINT MARYS SCHOOL S.A.C.;;;;;;;
2230;WALDORF CIENEGUILLA;;;;;;;
2231;ABRAHAM VALDELOMAR;;;;;;;
2232;ALFRED NOBEL;;;;;;;
2233;SACO OLIVEROS;;;;;;;
2234;ALBERT EINSTEIN;;;;;;;
2235;SAN AGUSTIN;;;;;;;
2236;BAUTISTA;;;;;;;
2237;EL PORVENIR;;;;;;;
2238;LINCOLN DE VILLA;;;;;;;
2239;SAN AGUSTIN DE LA MOLINA;;;;;;;
2240;PLAY SCHOOL;;;;;;;
2241;SAGRADO CORAZON DE JESUS;;;;;;;
2242;LOS ANDES;;;;;;;
2243;ORION;;;;;;;
2244;COLEGIO INTERNACIONAL DE LIMA;;;;;;;
2245;CRAMER COLLEGE;;;;;;;
2246;EL NAZARENO;;;;;;;
2247;JAFET KORBAN;;;;;;;
2248;ANNIES SCHOOL;;;;;;;
2249;RICHARD BACH;;;;;;;
2250;CLARET;;;;;;;
2251;CHRISTIAN BARNARD;;;;;;;
2252;SANTISIMO JESUS;;;;;;;
2253;PAMER SALAMANCA;;;;;;;
2254;SOLLERTIA;;;;;;;
2255;LA VICTORIA;;;;;;;
2256;PAMER;;;;;;;
2257;LAS AMERICAS;;;;;;;
2258;JESUS SUBLIME MAESTRO;;;;;;;
2259;SACO OLIVEROS DE LA VICTORIA;;;;;;;
2260;SAN JUAN BAUTISTA DE LA SALLE;;;;;;;
2261;STEPHEN HAWKING;;;;;;;
2262;SAN JUAN DE PUENTE PIEDRA;;;;;;;
2263;JOSE GALVEZ BARRENECHEA;;;;;;;
2264;HENRI LA FONTAINE;;;;;;;
2265;NUESTRO SE헲R CAUTIVO DE AYABACA;;;;;;;
2266;CORAZON DE GUADALUPE;;;;;;;
2267;YESHUA;;;;;;;
2268;JEAN PIAGET;;;;;;;
2269;THOMAS JEFFERSON;;;;;;;
2270;VIRGEN MARIA;;;;;;;
2271;BERTRAND RUSSELL;;;;;;;
2272;COLEGIO MARIA NICOLE;;;;;;;
2273;SANTA MONICA;;;;;;;
2274;NUESTRA SE헲RA DE COCHARCAS;;;;;;;
2275;DIVINA TRINIDAD;;;;;;;
2276;MAESTRO DIVINO DE CONDEVILLA;;;;;;;
2277;PABLO VI;;;;;;;
2278;MENDEL;;;;;;;
2279;GRACIAS JESUS;;;;;;;
2280;LUIS FABIO XAMMAR;;;;;;;
2281;DAVID LIVINGSTONE;;;;;;;
2282;SOR MARIA GORETTI;;;;;;;
2283;MARCELINO CHAMPAGNAT;;;;;;;
2284;SIR ISAAC NEWTON;;;;;;;
2285;FRANKLIN ROOSEVELT;;;;;;;
2286;BUEN PASTOR;;;;;;;
2287;JOHN WESLEY;;;;;;;
2288;INGENIERIA SAN MARTIN DE PORRES;;;;;;;
2289;MAX PLANCK;;;;;;;
2290;SACO OLIVEROS DE SANTA ISABEL;;;;;;;
2291;EL FUNDAMENTO;;;;;;;
2292;PAMER;;;;;;;
2293;RVDO. WILLIAM MC. CARTHY SCHOOL;;;;;;;
2294;SINAI;;;;;;;
2295;ALFONSO UGARTE;;;;;;;
2296;PROMOTORA LOS OLIVOS S.A.C.;;;;;;;
2297;JUAN MACIAS DE PACHACUTEC;;;;;;;
2298;CAMBRIDGE COLLEGE;;;;;;;
2299;SAN MARTIN SISTEMA INTEGRAL;;;;;;;
2300;MATER ADMIRABILIS;;;;;;;
2301;EL NAZARENO;;;;;;;
2302;EUROAMERICANO;;;;;;;
2303;COLEGIO TECNICO PARROQUIAL PERUANO CHINO SAN FRANCISCO DE ASIS;;;;;;;
2304;MARISCAL ANDRES AVELINO CACERES;;;;;;;
2305;PERUANO AMERICANO;;;;;;;
2306;NI헲 CHAPERITO;;;;;;;
2307;ASOCIACION EDUCATIVA ELIM;;;;;;;
2308;CORAZON DEL NI헲 JESUS;;;;;;;
2309;RENE CRUCHET;;;;;;;
2310;MARIA REYNA;;;;;;;
2311;DIVINO MAESTRO;;;;;;;
2312;AMERICAS HIGH SCHOOL;;;;;;;
2313;NUESTRA SE헲RA DEL ROSARIO DE VILLA;;;;;;;
2314;POW SANG;;;;;;;
2315;LA CATOLICA;;;;;;;
2316;MARIA MONTESSORI DEL PERU;;;;;;;
2317;FRIEDERICH GAUSS;;;;;;;
2318;JIREH;;;;;;;
2319;LA CATOLICA;;;;;;;
2320;ALBERT EINSTEIN;;;;;;;
2321;SAN AGUSTIN;;;;;;;
2322;JESUS DE BELEN;;;;;;;
2323;SAN IGNACIO DE LOYOLA;;;;;;;
2324;JUAN JACOBO ROUSSEAU;;;;;;;
2325;RICARDO PALMA;;;;;;;
2326;NI헲 DE JESUS;;;;;;;
2327;SANTA ZOILA;;;;;;;
2328;ROBERT HOOKE;;;;;;;
2329;ALELUYA;;;;;;;
2330;SAN ANDRES;;;;;;;
2331;EL NAZARENO;;;;;;;
2332;ELVIRA GARCIA Y GARCIA;;;;;;;
2333;MARIA MONTESSORI;;;;;;;
2334;PAMER CARLOS IZAGUIRRE;;;;;;;
2335;SAN CARLOS;;;;;;;
2336;SAN ANTONIO MARIA CLARET;;;;;;;
2337;WILLIAM PRESCOTT;;;;;;;
2338;NUESTRA SE헲RA DE MONSERRAT;;;;;;;
2339;TRILCE LOS OLIVOS;;;;;;;
2340;EL NAZARENO;;;;;;;
2341;AUGUSTA LOPEZ ARENAS;;;;;;;
2342;DOMINGO SAVIO;;;;;;;
2343;ANDRES BELLO;;;;;;;
2344;PRAXIS;;;;;;;
2345;MIRAFLORES SCHOOL;;;;;;;
2346;JORGE BASADRE;;;;;;;
2347;LA SALLE;;;;;;;
2348;TRILCE SALAVERRY;;;;;;;
2349;CRISTIANO ELLIOT;;;;;;;
2350;PRIVADO SAN HILARIO;;;;;;;
2351;SAGRADO CORAZON DE JESUS;;;;;;;
2352;EXCELENCIA;;;;;;;
2353;LUMBRERAS;;;;;;;
2354;SAN VIATOR;;;;;;;
2355;EUROAMERICA;;;;;;;
2356;ACUARELA;;;;;;;
2357;SAN MARTIN DE TOURS;;;;;;;
2358;SAN AGUSTIN;;;;;;;
2359;SIGMA (CIRCULO DE INGENIERIA DEL RIMAC);;;;;;;
2360;SE헲R DE LA ASCENCION;;;;;;;
2361;QORIKANCHA;;;;;;;
2362;ABRAHAM LINCOLN COLLEGE;;;;;;;
2363;PAMER - SANTA BEATRIZ;;;;;;;
2364;TRILCE;;;;;;;
2365;TRILCE CHORRILLOS II;;;;;;;
2366;MAESTRO CESAR VALLEJO;;;;;;;
2367;AURELIO MIRO QUESADA;;;;;;;
2368;MANUEL GONZALES PRADA;;;;;;;
2369;SAN JOSE DE LOS FICUS;;;;;;;
2370;ALBERT EINSTEIN;;;;;;;
2371;CHRISTIAN N. BARNARD;;;;;;;
2372;PERUVIAN SCHOOL;;;;;;;
2373;VIRGEN DEL CAMINO;;;;;;;
2374;LOS EDUCADORES DEL SABER;;;;;;;
2375;JUAN WESLEY SIGLO XXI;;;;;;;
2376;SACO OLIVEROS;;;;;;;
2377;WILLIAM PRESCOT;;;;;;;
2378;MARIANISTA;;;;;;;
2379;NACIONES UNIDAS;;;;;;;
2380;ISABEL LA CATOLICA;;;;;;;
2381;BOSTON COLLEGE;;;;;;;
2382;SAN FRANCISCO SOLANO;;;;;;;
2383;SAN SEBASTIAN LOS OLIVOS;;;;;;;
2384;SAN SILVESTRE HIGH SCHOOL;;;;;;;
2385;FRANCISCO ANTONIO DE ZELA;;;;;;;
2386;SANTA ANA DE INGENIERIA;;;;;;;
2387;HONORIO DELGADO;;;;;;;
2388;HONORES DE ATE;;;;;;;
2389;INGENIERIA DE LOS CEDROS;;;;;;;
2390;ALEXANDER GRAHAM BELL;;;;;;;
2391;TALENTUS VILLA;;;;;;;
2392;ALFREDO BRYCE ECHENIQUE;;;;;;;
2393;AYACUCHO;;;;;;;
2394;FRANCIS SCHAEFFER;;;;;;;
2395;VIRGEN DE LA ASUNCION HIGH SCHOOL;;;;;;;
2396;CIRCULO INGENIERIA;;;;;;;
2397;MARIA AUXILIADORA;;;;;;;
2398;TRENTO PRO;;;;;;;
2399;SAINTE CATHERINE LABOURE S.R.LTDA;;;;;;;
2400;SANTA MARIA DE JESUS;;;;;;;
2401;BRUNING COLLEGE;;;;;;;
2402;REINA DEL SANTISIMO ROSARIO;;;;;;;
2403;INTERSYS - NB;;;;;;;
2404;PAMER BARRANCO;;;;;;;
2405;BENJAMIN FRANKLIN;;;;;;;
2406;SACO OLIVEROS DE LOS CIPRESES;;;;;;;
2407;MICHAEL FARADAY;;;;;;;
2408;SACO OLIVEROS DE SALAMANCA;;;;;;;
2409;LA MERCED SUR;;;;;;;
2410;SACO OLIVEROS JESUS MARIA;;;;;;;
2411;PERUANO JAPONES LA VICTORIA;;;;;;;
2412;DIAS FELICES - VILLA NOVA;;;;;;;
2413;JUAN XXIII;;;;;;;
2414;CASTALIA;;;;;;;
2415;"I.E.7701 ""NUESTRA SE헲RA DEL CARMEN""";;;;;;;
2416;MANUEL POLO JIMENEZ;;;;;;;
2417;TRILCE DE PIURA;;;;;;;
2418;SAN GABRIEL DE LARAPA;;;;;;;
2419;VICTORIA BARCIA BONIFFATTI;;;;;;;
2420;SANTA ROSA DE LAS AMERICAS;;;;;;;
2421;PAMER - SATIPO;;;;;;;
2422;PACIFICO;;;;;;;
2423;MARIA DE LAS MERCEDES;;;;;;;
2424;DIVINO CORAZON DE JESUS;;;;;;;
2425;AGORA;;;;;;;
2426;FUENTE DEL SABER;;;;;;;
2427;ARQUIMEDES;;;;;;;
2428;NEW JEAN PIAGET;;;;;;;
2429;I.E. NUESTRA SE헲RA DEL BUEN CONSEJO;;;;;;;
2430;I.E.P. INTERNATIONAL HIGH SCHOOL - EIGER;;;;;;;
2431;EMPRESA EDUCATIVA EXPHADIS E.I.R.L.;;;;;;;
2432;SOCIEDAD EDUCATIVA INGENIERIA TALENTOS DE MAGDALENA;;;;;;;
2433;ADVENTISTA JOSE PARDO;;;;;;;
2434;IZAGUIRRE DE ARIEL;;;;;;;
2435;CRISTO REY;;;;;;;
2436;I헬GO LOPEZ DE RECALDE;;;;;;;
2437;VIRGEN DE CHAPI;;;;;;;
2438;DIVINO Y SAGRADO CORAZON DE JESUS;;;;;;;
2439;CIBERNET;;;;;;;
2440;SAN MARTIN DE PORRES;;;;;;;
2441;PROCER MARIANO MELGAR / CORPORACION EDUC. LEONARD EULER EIRL;;;;;;;
2442;EL BUEN PASTOR / CORPORACION EDUC. LEONARD EULER EIRL;;;;;;;
2443;GASTON MARIA DE TABLADA DE LURIN;;;;;;;
2444;ARTURO HONORES DE SAN MARTIN;;;;;;;
2445;MARIA DEL ANGEL;;;;;;;
2446;SANTA ANA DE LOS JARDINES;;;;;;;
2447;NUEVA ATENAS;;;;;;;
2448;INDEPENDENCIA;;;;;;;
2449;SAN ANDRES DE LOS OLIVOS SAC;;;;;;;
2450;ASOCIACION EDUCATIVA JUAN DE LA CRUZ CALIENES;;;;;;;
2451;LATINOAMERICANO;;;;;;;
2452;TALENTUS SCHOOL;;;;;;;
2453;CORPORACION EDUCATIVA ANNIES SCHOOL;;;;;;;
2454;SANTA MARIA REYNA;;;;;;;
2455;"LEONARDO DE PISA ""FIBONACCI""";;;;;;;
2456;NUESTRA SE헲RA DEL ENCUENTRO;;;;;;;
2457;SAN ANDRES;;;;;;;
2458;SAN IGNACIO COMAS II;;;;;;;
2459;SAN RAFAEL ARCANGEL;;;;;;;
2460;AUGUSTO SALAZAR BONDY;;;;;;;
2461;BERTOLT BRECHT;;;;;;;
2462;TRILCE INTERNACIONAL UNI;;;;;;;
2463;CONSORCIO EDUCATIVO FK;;;;;;;
2464;PROLOG DE VILLA MARIA;;;;;;;
2465;EL AMERICANO;;;;;;;
2466;VON NEUMANN;;;;;;;
2467;MAGISTER PEDAGOGICO SAC;;;;;;;
2468;INGENIEROS UNI DE ATE;;;;;;;
2469;DANTE ALIGHIERI;;;;;;;
2470;REVERENDO FRAY PEDRO URRACA;;;;;;;
2471;AMERICAN CHRISTIAN SCHOOL;;;;;;;
2472;MIGUEL ANGEL;;;;;;;
2473;PITAGORAS COLLEGE;;;;;;;
2474;REGINA DECOR CARMELI;;;;;;;
2475;TRILCE INTERNACIONAL MILENIUM;;;;;;;
2476;HONORES DE SAN JUAN;;;;;;;
2477;SANTA ROSA DE LIMA S.R.L.;;;;;;;
2478;CADILLO;;;;;;;
2479;CRUZ SACO DE CARAPONGO;;;;;;;
2480;SANTISIMA VIRGEN DE LAS NIEVES;;;;;;;
2481;NUESTRA SE헲RA DE COPACABANA;;;;;;;
2482;WILHELM VON HUMBOLDT;;;;;;;
2483;VIRGEN DE VIRGENES;;;;;;;
2484;MARIANO MELGAR;;;;;;;
2485;LUZ Y ESPERANZA;;;;;;;
2486;ASOCIACION EDUCATIVA ALFRED NOBEL;;;;;;;
2487;SANTIAGO APOSTOL;;;;;;;
2488;JOSE CARLOS MARIATEGUI;;;;;;;
2489;INMACULADA CONCEPCION DE MARIA;;;;;;;
2490;LA RESURRECCION DEL SE헲R;;;;;;;
2491;NUESTRA SE헲RA DEL ROSARIO;;;;;;;
2492;INMACULADA DE LAS NIEVES;;;;;;;
2493;CRISTO EL SALVADOR;;;;;;;
2494;INGENIERIA DE MATELLINI;;;;;;;
2495;PAMER PUENTE PIEDRA;;;;;;;
2496;LOS HERALDOS;;;;;;;
2497;SAN CARLOS;;;;;;;
2498;NUESTRA SE헲RA DEL PERPETUO SOCORRO;;;;;;;
2499;SAN IGNACIO DEL PARRAL II;;;;;;;
2500;VASILI ALEXANDROVICH SUJOMLINSKY;;;;;;;
2501;VIRGEN SANTA ANA;;;;;;;
2502;SAN FRANCISCO SOLANO;;;;;;;
2503;INGENIERIA SAN MIGUEL;;;;;;;
2504;ALBERT EINSTEIN;;;;;;;
2505;CRUZ SACO DE BALCONCILLO;;;;;;;
2506;SACO OLIVEROS;;;;;;;
2507;LU SIN;;;;;;;
2508;PAMER CHORRILLOS;;;;;;;
2509;DISCOVERY;;;;;;;
2510;SAN ANTONIO MARIANISTAS;;;;;;;
2511;JESUS ES EL CAMINO;;;;;;;
2512;SE헲R DE LOS MILAGROS;;;;;;;
2513;JUAN PABLO PEREGRINO DE LA PAZ;;;;;;;
2514;SANTA URSULA NAZARENA;;;;;;;
2515;EBENEZER;;;;;;;
2516;JEAN PIAGET;;;;;;;
2517;SE헲R DE LA SOLEDAD;;;;;;;
2518;INGENIERIA;;;;;;;
2519;LIDERES;;;;;;;
2520;I.E.P. CEBA GAMOR;;;;;;;
2521;C.E.P. JUAN XXIII;;;;;;;
2522;SANTISIMO CRISTO MORENO;;;;;;;
2523;LA REAL;;;;;;;
2524;ALBINO LUCIANI;;;;;;;
2525;MASTERCIENCIA;;;;;;;
2526;LA ALEGRIA DE JESUS;;;;;;;
2527;CRUZ SACO DEL ALAMO;;;;;;;
2528;PITAGORAS DE LOS OLIVOS;;;;;;;
2529;PAMER PARACAS;;;;;;;
2530;ROBERTO CLEMENTE MARKHAM;;;;;;;
2531;NUESTRA SE헲RA DE FATIMA;;;;;;;
2532;CRISTO MILAGROSO;;;;;;;
2533;PAMER - SAN MIGUEL;;;;;;;
2534;ANGELES DE JESUS;;;;;;;
2535;JEDCER;;;;;;;
2536;INSTITUCION EDUCATIVA PRIVADA LA CATOLICA DE CARABAYLLO SAC;;;;;;;
2537;MARISCAL CACERES;;;;;;;
2538;JOSE INGENIEROS;;;;;;;
2539;JOSE ANDRES RAZURI ESTEVEZ;;;;;;;
2540;NEWTON;;;;;;;
2541;HONORES;;;;;;;
2542;SAN AGUSTIN;;;;;;;
2543;BERTOLT BRECHT;;;;;;;
2544;SACO OLIVEROS PUENTE PIEDRA;;;;;;;
2545;VIRGEN DEL PILAR;;;;;;;
2546;SANTA JUANA DE LESTONNAC;;;;;;;
2547;JOSE INGENIEROS;;;;;;;
2548;JESUS EDUCADOR;;;;;;;
2549;JESUS EL BUEN PASTOR;;;;;;;
2550;REINA CARMELITA;;;;;;;
2551;SACO OLIVEROS DE JOSE GALVEZ;;;;;;;
2552;SAN MIGUEL ARCANGEL;;;;;;;
2553;CATOLICO JOSBER;;;;;;;
2554;TALENTUS CRISTY;;;;;;;
2555;JOHN F. KENNEDY COLLEGE;;;;;;;
2556;JESUS REPARADOR;;;;;;;
2557;SANTA RITA;;;;;;;
2558;ALTERNATIVO CARMELITAS;;;;;;;
2559;JEAN PIAGET;;;;;;;
2560;DULCE NOMBRE DE JESUS;;;;;;;
2561;SAN IGNACIO DE LOYOLA;;;;;;;
2562;ALAS PERUANO ARGENTINO;;;;;;;
2563;HANS CHRISTIAN ANDERSEN;;;;;;;
2564;JESUS'S CHILDREN;;;;;;;
2565;WILLIAM HAWKING;;;;;;;
2566;JESUS NAZARENO;;;;;;;
2567;INGENIERIA DE MAGDALENA;;;;;;;
2568;CESAR VALLEJO;;;;;;;
2569;JEAN LEBLANC VENNE;;;;;;;
2570;FRANCISCO PENZZOTTI;;;;;;;
2571;THOMAS ALVA EDISON;;;;;;;
2572;HARVARD COLLEGE - UCV;;;;;;;
2573;CRISTO REDENTOR;;;;;;;
2574;NUEVO MUNDO;;;;;;;
2575;NUESTRA SE헲RA DE LA MERCED;;;;;;;
2576;SAN ISIDRO DE MANCHAY;;;;;;;
2577;LA SORBONA DE LIMA;;;;;;;
2578;SAN AGUSTIN;;;;;;;
2579;LA RECOLETA DE LOS OLIVOS;;;;;;;
2580;CHRISTIAN BARNARD;;;;;;;
2581;LA CATOLICA;;;;;;;
2582;SAN RAMON;;;;;;;
2583;ROMA;;;;;;;
2584;LEONARD EULER;;;;;;;
2585;AVANTE;;;;;;;
2586;B.F. SKINNER;;;;;;;
2587;CRAMER;;;;;;;
2588;DIVINO JESUS;;;;;;;
2589;EL UNIVERSITARIO;;;;;;;
2590;GALILEO;;;;;;;
2591;JACK GOLDFARB;;;;;;;
2592;JHON VON NEWMANN;;;;;;;
2593;JUVENTUS;;;;;;;
2594;LAS AMERICAS S.A.C.;;;;;;;
2595;MANUEL AREVALO CACERES;;;;;;;
2596;MARIA REYNA DEL CIELO;;;;;;;
2597;MARIANO MELGAR;;;;;;;
2598;MATEMATICO HONORES;;;;;;;
2599;MICHEL DUCLERCQ;;;;;;;
2600;MI PEQUE헲 REYNO SAN LORENZO;;;;;;;
2601;NIKOLA TESLA;;;;;;;
2602;ANDRES BELLO;;;;;;;
2603;LA ROCA;;;;;;;
2604;CRISTIANO DIEGO THOMSON;;;;;;;
2605;VIRGEN DE FATIMA;;;;;;;
2606;THALES DE MILETO;;;;;;;
2607;SOR ANA DE LOS ANGELES;;;;;;;
2608;SANTA INES;;;;;;;
2609;SACO OLIVEROS DE CANTA CALLAO;;;;;;;
2610;REYNA DEL MUNDO;;;;;;;
2611;PERUANO ITALIANA DOMINGO SAVIO;;;;;;;
2612;SANTA RITA DE CASIA;;;;;;;
2613;JAUJA;;;;;;;
2614;SAN IGNACIO DE RECALDE;;;;;;;
2615;AMERICANA;;;;;;;
2616;SAN ANDRES SAC;;;;;;;
2617;DANIEL A. CARRION;;;;;;;
2618;EDUCARE;;;;;;;
2619;ISAAC NEWTON;;;;;;;
2620;MIGUEL ANGEL ASTURIAS;;;;;;;
2621;MARIA AUXILIADORA;;;;;;;
2622;TRENTO SAN MIGUEL;;;;;;;
2623;JOHANNES KEPLER;;;;;;;
2624;ASIS;;;;;;;
2625;SANTISIMO SE헲R DE LUREN;;;;;;;
2626;APOSTOL SAN PEDRO;;;;;;;
2627;JORGE BASADRE;;;;;;;
2628;NUESTRA SE헲RA DEL CARMEN;;;;;;;
2629;PAMER LAS ARENAS;;;;;;;
2630;HEROINA MICAELA BASTIDAS;;;;;;;
2631;SONIA AMADOR JAIME II;;;;;;;
2632;MARIANO SANTOS MATEO;;;;;;;
2633;REYNALDO DE VIVANCO;;;;;;;
2634;SANTO DOMINGO - JICAMARCA;;;;;;;
2635;BRITANICO EUROPEO DUNALASTAIR;;;;;;;
2636;GENES DE LOS OLIVOS;;;;;;;
2637;LOS ROBLES;;;;;;;
2638;SANTIAGO APOSTOL;;;;;;;
2639;NUESTRA SE헲RA DE LA ASUNCION;;;;;;;
2640;LEONARD EULER;;;;;;;
2641;MARIA MONTESSORI;;;;;;;
2642;CEBA DEL IPEC;;;;;;;
2643;EBEN EZER ZARUMILLA EIRL;;;;;;;
2644;SAN FERNANDO;;;;;;;
2645;JOHN NAPIER;;;;;;;
2646;ANTONIO RAIMONDI;;;;;;;
2647;INGENIERIA DE JOSE GALVEZ;;;;;;;
2648;PROCERES DE LA INDEPENDENCIA;;;;;;;
2649;SAN MARTIN DE PORRES;;;;;;;
2650;PROLOG. DE CEDROS DE VILLA;;;;;;;
2651;GARCILASO DE LA VEGA;;;;;;;
2652;VIRGEN DE LA PUERTA;;;;;;;
2653;AUGUSTO N. WIESE;;;;;;;
2654;SANTO DOMINGO DE CHANCAY;;;;;;;
2655;PAMER;;;;;;;
2656;CRISTO SEMBRADOR;;;;;;;
2657;SANTA MARGARITA DE JESUS;;;;;;;
2658;CRISTO MISERICORDIOSO;;;;;;;
2659;MONTERRICO CHRISTIAN SCHOOL;;;;;;;
2660;NI헲 JESUS DE PRAGA;;;;;;;
2661;TRENTO PERSHING;;;;;;;
2662;CIENTIFICO NIVEL A;;;;;;;
2663;SAN MIGUEL DE VISO;;;;;;;
2664;CEBA BOURBAKI;;;;;;;
2665;EMANUEL CHRISTIAN SCHOOL;;;;;;;
2666;SOR TERESA DE CALCUTA;;;;;;;
2667;SANTA MARIA REYNA;;;;;;;
2668;CARL DAVID ANDERSON;;;;;;;
2669;SANTA MARIA JOSEFA ROSSELLO;;;;;;;
2670;INNOVA SCHOOLS;;;;;;;
2671;CATOLICA HIGH SCHOOL;;;;;;;
2672;JESUS DE BELEN;;;;;;;
2673;SANTA ISABEL;;;;;;;
2674;INGENIEROS DE CHOSICA;;;;;;;
2675;CRISTIANO PERUANO AMERICANO;;;;;;;
2676;MARTIR DE LA MEDICINA DANIEL A. CARRION;;;;;;;
2677;JUAN PABLO II;;;;;;;
2678;SE헲R DE LUREN;;;;;;;
2679;MARIA DE FATIMA;;;;;;;
2680;BLAISE PASCAL;;;;;;;
2681;INGENIERIA DE CARMELITAS;;;;;;;
2682;HUGO VELASQUEZ MACASSI;;;;;;;
2683;HUMANITAS;;;;;;;
2684;INMACULADO CORAZON;;;;;;;
2685;DANIEL COMBONI;;;;;;;
2686;JACQUES COUSTEAU;;;;;;;
2687;HUELLITAS DE JESUS;;;;;;;
2688;LOS INGENIEROS DE CHINCHA;;;;;;;
2689;KEPLER;;;;;;;
2690;GAKUSEI;;;;;;;
2691;JOSE ANTONIO ENCINAS;;;;;;;
2692;PAMER CAJAHUAMAN III;;;;;;;
2693;SAN AGUSTIN DE INGENIERIA;;;;;;;
2694;ALEXANDER VON HUMBOLDT;;;;;;;
2695;JUAN BOSCO;;;;;;;
2696;TRILCE LOS OLIVOS DE PROLIMA;;;;;;;
2697;TRENTO COLONIAL;;;;;;;
2698;EINSTEIN SCHOOL;;;;;;;
2699;BRUNING;;;;;;;
2700;CORAZON INMACULADO DE MARIA;;;;;;;
2701;ESCUELA PARROQUIAL SAN ANTONIO DE PADUA;;;;;;;
2702;CRUZ SACO DE TABLADA;;;;;;;
2703;INGENIEROS UNI DE LOS OLIVOS;;;;;;;
2704;SAINT GASPAR COLLEGE;;;;;;;
2705;LORD BRAIN;;;;;;;
2706;DIVINO SALVADOR;;;;;;;
2707;ANTONIO ANDALUZ WESTREICHER;;;;;;;
2708;DEL DIVINO MAESTRO;;;;;;;
2709;JOHN DEWEY;;;;;;;
2710;JUVENTUD CIENTIFICA;;;;;;;
2711;SANTA MARIA DE JESUS;;;;;;;
2712;CIBERT SANTA ANITA;;;;;;;
2713;EL DORADO;;;;;;;
2714;DIVINO MAESTRO DE PAMPLONA;;;;;;;
2715;SAGRADA FAMILIA DE INDENPENDENCIA;;;;;;;
2716;PANAMERICANO;;;;;;;
2717;PERUANO CHINO DIEZ DE OCTUBRE;;;;;;;
2718;PEDRO PAULET;;;;;;;
2719;GALENO DE PERGAMO;;;;;;;
2720;NUESTRA SE헲RA DE SCHOENSTATT;;;;;;;
2721;EL TUNGSTENO;;;;;;;
2722;COSMOS;;;;;;;
2723;SANTA MARIA Y JESUS;;;;;;;
2724;VIRGEN MILAGROSA;;;;;;;
2725;INGENIEROS UNI DE SANTA ANITA;;;;;;;
2726;JESUS DE NAZARETH;;;;;;;
2727;CRUZ SACO DE SAN LUIS;;;;;;;
2728;AUSANGATE BILINGUAL SCHOOL;;;;;;;
2729;SANTO GRIAL;;;;;;;
2730;SOR ANA DE LOS ANGELES;;;;;;;
2731;JOSE OLAYA BALANDRA;;;;;;;
2732;LOS EMBAJADORES DEL SABER;;;;;;;
2733;PASOS ADELANTE;;;;;;;
2734;MI UNIVERSO;;;;;;;
2735;DOMINGO SAVIO DE SAN MARTIN I;;;;;;;
2736;SE헲R DE LA MISERICORDIA;;;;;;;
2737;MI AMIGO JESUS;;;;;;;
2738;ISAAC NEWTON DE INDEPENDENCIA;;;;;;;
2739;JEAN PIAGET;;;;;;;
2740;EL NAZARENO;;;;;;;
2741;PERUANO ESPA헲L INTERMUNDO;;;;;;;
2742;ELIAS AGUIRRE;;;;;;;
2743;DIVINO CORAZON DE JESUS DE BARRANCA;;;;;;;
2744;EL BUEN PASTOR;;;;;;;
2745;SAN JOSE DE NAZARET;;;;;;;
2746;LA ANUNCIATA;;;;;;;
2747;VIRGEN DEL CARMEN;;;;;;;
2748;REMAR;;;;;;;
2749;SANTA ANA;;;;;;;
2750;TALENTOS;;;;;;;
2751;CIENTIFICO MATEMATICO CIRCULO GALOIS;;;;;;;
2752;GENES II;;;;;;;
2753;SAN AGUSTIN;;;;;;;
2754;NUESTRA SE헲RA DE MONSERRAT DE LOS OLIVOS;;;;;;;
2755;HERMES DE SOPHIA;;;;;;;
2756;SAN MIGUEL;;;;;;;
2757;IVAN PAVLOV;;;;;;;
2758;NUESTRA SE헲RA DE MONSERRAT DE COMAS;;;;;;;
2759;MAYOR PIP FELIX ROMAN TELLO ROJAS;;;;;;;
2760;INNOVA SCHOOLS;;;;;;;
2761;EL POVERELLO DE ASIS;;;;;;;
2762;DANTE ALIGHIERI;;;;;;;
2763;INGENIERIA;;;;;;;
2764;NI헲 JESUS;;;;;;;
2765;INGENIERIA DE CARABAYLLO;;;;;;;
2766;ENRIQUE GOMEZ MONTOYA;;;;;;;
2767;RAFAEL HOYOS RUBIO;;;;;;;
2768;CIRO ALEGRIA;;;;;;;
2769;JEAN PIAGET;;;;;;;
2770;LUMBRERAS DE SANTA ANITA;;;;;;;
2771;MARIA REICHE;;;;;;;
2772;SAN IGNACIO DE LOYOLA;;;;;;;
2773;ABELARDO GAMARRA;;;;;;;
2774;CASTILLO DEL REY;;;;;;;
2775;SANTA ROSA DE LIMA;;;;;;;
2776;SACO OLIVEROS DE NUEVO SAN JUAN;;;;;;;
2777;CESAR VALLEJO;;;;;;;
2778;APOSTOL SAN PEDRO;;;;;;;
2779;LOS ALAMOS;;;;;;;
2780;GENERAL JOSE DE SAN MARTIN;;;;;;;
2781;COOPERATIVO PANGOA;;;;;;;
2782;JAVIER PEREZ DE CUELLAR;;;;;;;
2783;NUESTRA SE헲RA DEL SAGRADO CORAZON;;;;;;;
2784;VIRGEN DEL CARMEN;;;;;;;
2785;RAUL PAREDES ESPINOZA;;;;;;;
2786;PITAGORAS SJL;;;;;;;
2787;CRUZ SACO DE UNIVERSITARIA;;;;;;;
2788;SANTA ISABEL;;;;;;;
2789;BRUNO TRAVERSO DAMONTI;;;;;;;
2790;FELIPE GUAMAN POMA DE AYALA;;;;;;;
2791;SISE;;;;;;;
2792;SAN JERONIMO;;;;;;;
2793;ALTO MAYO;;;;;;;
2794;VIRGEN DEL CARMEN;;;;;;;
2795;JAVIER PEREZ DE CUELLAR;;;;;;;
2796;PANAMERICANO;;;;;;;
2797;EL AMERICANO;;;;;;;
2798;MARIO VARGAS LLOSA;;;;;;;
2799;LEONARD EULER DE VALDIVIESO;;;;;;;
2800;SAN ANTONIO DE PADUA;;;;;;;
2801;NUEVO AMANECER;;;;;;;
2802;SAGRADO CORAZON;;;;;;;
2803;FRANKLIN DELANO ROOSEVELT;;;;;;;
2804;AMERICA DE CHORRILLOS;;;;;;;
2805;MATER ADMIRABILIS;;;;;;;
2806;CEBA - HONORIO DELGADO ESPINOZA;;;;;;;
2807;UNIVISA;;;;;;;
2808;HENDRIK ANTOON LORENTZ;;;;;;;
2809;CRISTO REDENTOR;;;;;;;
2810;LA CANTUTA DE AREQUIPA;;;;;;;
2811;CEBA - DAVID WECHSLER;;;;;;;
2812;PROLOG;;;;;;;
2813;SAN JOSE DE CLUNY;;;;;;;
2814;NTRA.SRA.DEL ROSARIO DE YAUCA;;;;;;;
2815;SAN GERARDO;;;;;;;
2816;CIENCIAS;;;;;;;
2817;LOS EMPRENDEDORES DE SAN JUAN;;;;;;;
2818;GRAN PASCAL;;;;;;;
2819;CRUZ SACO DE VISTA HERMOSA;;;;;;;
2820;ANTONIO RAIMONDI;;;;;;;
2821;CESAR VALLEJO MENDOZA;;;;;;;
2822;PEDRO PAULET;;;;;;;
2823;MIULER PAMER;;;;;;;
2824;PERUANO JAPONES;;;;;;;
2825;NOBEL;;;;;;;
2826;SACO OLIVEROS DE LINCE;;;;;;;
2827;SE헲R DE LOS MILAGROS;;;;;;;
2828;HANS CHRISTIAN ANDERSEN;;;;;;;
2829;WILLIAM MORRIS;;;;;;;
2830;CRISTIANO SHALOM;;;;;;;
2831;INNOVA SCHOOLS - CANTO GRANDE;;;;;;;
2832;DIEGO THOMSON;;;;;;;
2833;SACO OLIVEROS DE MONTERRICO;;;;;;;
2834;MARIA AUXILIADORA;;;;;;;
2835;INNOVA SCHOOLS;;;;;;;
2836;ANGLO AMERICANO VICTOR GARCIA HOZ;;;;;;;
2837;SAN FERNANDO;;;;;;;
2838;BLAS PASCAL;;;;;;;
2839;CRISTO REDENTOR;;;;;;;
2840;GENES DE SAN MARTIN DE PORRES;;;;;;;
2841;GEUNI;;;;;;;
2842;SANTISIMO SACRAMENTO;;;;;;;
2843;INNOVA SCHOOLS- SAN MIGUEL 2;;;;;;;
2844;SANTIAGO ANTUNEZ DE MAYOLO;;;;;;;
2845;WILLIAM SHAKESPEARE;;;;;;;
2846;ELION;;;;;;;
2847;PITAGORAS;;;;;;;
2848;SANTA FORTUNATA;;;;;;;
2849;EL CARMEN;;;;;;;
2850;SACO OLIVEROS DE VILLA EL SALVADOR;;;;;;;
2851;NUESTRA SE헲RA DE LAS MERCEDES;;;;;;;
2852;SAN AGUSTIN;;;;;;;
2853;MARIA DE LOS ANGELES;;;;;;;
2854;AL GORE;;;;;;;
2855;MARCELINO CHAMPAGNAT;;;;;;;
2856;REDIMER JESUS DE VILLA;;;;;;;
2857;CRISTO REDENTOR;;;;;;;
2858;CAMINO A BELEN;;;;;;;
2859;PAMER ICA;;;;;;;
2860;LOS NI헲S DE MARIA;;;;;;;
2861;PAMER CAJAMARCA;;;;;;;
2862;CARMELITAS AMERICAN HIGH SCHOOL;;;;;;;
2863;ADVENTISTA DEL 7MO. DIA;;;;;;;
2864;SANTA TERESITA DE JESUS;;;;;;;
2865;BERTOLT BRECHT;;;;;;;
2866;NUESTRA SE헲RA DE FATIMA;;;;;;;
2867;BETA 3;;;;;;;
2868;CEBA - GRAN CORAZON DE JESUS;;;;;;;
2869;SAN ANTONIO;;;;;;;
2870;CEBA SAN ANTONIO;;;;;;;
2871;SE헲R DEL PERDON;;;;;;;
2872;SAN JUAN DE LOS JAZMINES;;;;;;;
2873;INNOVA SCHOOLS - CARABAYLLO;;;;;;;
2874;FEDERICO VILLARREAL;;;;;;;
2875;HENRY FORD;;;;;;;
2876;CORAZON DE MARIA;;;;;;;
2877;IDEAS;;;;;;;
2878;SAN LUIS GONZAGA;;;;;;;
2879;SAN ISIDRO;;;;;;;
2880;VIRGEN DE FATIMA MILAGROSA;;;;;;;
2881;EL NAZARENO;;;;;;;
2882;SAN AGUSTIN DE OQUENDO;;;;;;;
2883;MARIA MONTESSORI;;;;;;;
2884;EL CARMELO DE MARIA;;;;;;;
2885;JULIO CESAR TELLO DE OASIS;;;;;;;
2886;PROLOG DE VILLA EL SALVADOR;;;;;;;
2887;LORD BYRON;;;;;;;
2888;TARPUY MODERNO;;;;;;;
2889;EXCELLENTIA;;;;;;;
2890;INNOVA SCHOOLS;;;;;;;
2891;UNICACHI;;;;;;;
2892;FARADAY;;;;;;;
2893;SAINT CAMILAS SCHOOL;;;;;;;
2894;APOLONIUSS;;;;;;;
2895;LOBACHEVSKY;;;;;;;
2896;CASA ABIERTA DE NAZARETH;;;;;;;
2897;BERTOLT BRECHT;;;;;;;
2898;CORAZON DE CRISTO MORADO;;;;;;;
2899;SANTO TOMAS;;;;;;;
2900;INNOVA SCHOOL;;;;;;;
2901;DIVINO SALVADOR;;;;;;;
2902;APOSTOL SANTIAGO;;;;;;;
2903;SANTA TERESA DE JESUS - SOPHIANUM;;;;;;;
2904;CEBA - MARCELINO MENENDEZ Y PELAYO;;;;;;;
2905;MONITOR HUASCAR;;;;;;;
2906;INNOVA SCHOOLS - VITARTE;;;;;;;
2907;INNOVA SCHOOLS - CAMPOY;;;;;;;
2908;COAR AMAZONAS;;;;;;;
2909;COAR AREQUIPA;;;;;;;
2910;COAR AYACUCHO;;;;;;;
2911;COAR CUSCO;;;;;;;
2912;COAR HUANCAVELICA;;;;;;;
2913;COAR JUNIN;;;;;;;
2914;COAR LA LIBERTAD;;;;;;;
2915;COAR MOQUEGUA;;;;;;;
2916;COAR PASCO;;;;;;;
2917;COAR PIURA;;;;;;;
2918;COAR PUNO;;;;;;;
2919;COAR SAN MARTIN;;;;;;;
2920;COAR TACNA;;;;;;;
2921;COAR APURIMAC;;;;;;;
2922;COAR CAJAMARCA;;;;;;;
2923;COAR HUANUCO;;;;;;;
2924;COAR ICA;;;;;;;
2925;COAR LAMBAYEQUE;;;;;;;
2926;COAR LORETO;;;;;;;
2927;COAR MADRE DE DIOS;;;;;;;
2928;COAR UCAYALI;;;;;;;
2929;EUROAMERICAN COLLEGE;;;;;;;
2930;SAINT GEORGE SCHOOL;;;;;;;
2931;34225 ALEXANDER VON HUMBOLT;;;;;;;
2932;ANGELO PATRI DEL DIVINO NI헲 JESUS;;;;;;;
2933;AVANT GARD COLLEGE;;;;;;;
2934;BALDOR;;;;;;;
2935;INYARI;;;;;;;
2936;DIVINO NI헲 DE PRAGA;;;;;;;
2937;INGENIERIA II;;;;;;;
2938;MATEMATICO PASCUAL SACO;;;;;;;
2939;SAN IGNACIO;;;;;;;
2940;22 DE ABRIL;;;;;;;
2941;ALEJANDRO ROSALES TORRES;;;;;;;
2942;ALEXANDER VON HUMBOLDT;;;;;;;
2943;AMERICAN CHILDREN HIGH SCHOOL;;;;;;;
2944;AMERICANO MIRAFLORES;;;;;;;
2945;ANA MARIA KAN;;;;;;;
2946;APU TORRECHAYOC;;;;;;;
2947;NI헲 GENIO;;;;;;;
2948;PRISMA;;;;;;;
2949;ALIPIO PONCE VASQUEZ;;;;;;;
2950;CESAR ABRAHAM VALLEJO;;;;;;;
2951;CESAR ABRAHAM VALLEJO;;;;;;;
2952;CORAZON DE JESUS DE SANTA CLARA;;;;;;;
2953;CRISTO REY SALVADOR;;;;;;;
2954;CYBERNET;;;;;;;
2955;EBENEZER;;;;;;;
2956;ELVIRA GARCIA GARCIA;;;;;;;
2957;ERICH KRAMM EX JOSE DE SAN MARTIN;;;;;;;
2958;EVARISTE GALOIS;;;;;;;
2959;FRANCO PERUANO;;;;;;;
2960;HISPANO AMERICANO TRINI;;;;;;;
2961;INMACULADO CORAZON DE JESUS;;;;;;;
2962;INNOVA SCHOOLS - CHACLACAYO;;;;;;;
2963;INNOVA SCHOOLS;;;;;;;
2964;INNOVA SCHOOLS SURCO - AMBROSIO;;;;;;;
2965;INSPIRATION SCHOOLE;;;;;;;
2966;ADDES;;;;;;;
2967;ELIEL;;;;;;;
2968;JAVIER PEREZ DE CUELLAR;;;;;;;
2969;JEAN PIAGET;;;;;;;
2970;JESUS DE NAZARETH;;;;;;;
2971;JOSE CARLOS MARIATEGUI - PUENTE PIEDRA;;;;;;;
2972;JUAN MEJIA BACA;;;;;;;
2973;KAROL WOJTYLA;;;;;;;
2974;LA MERCED;;;;;;;
2975;LATINO;;;;;;;
2976;LATINOAMERICA;;;;;;;
2977;LEADERSHIP SCHOOL;;;;;;;
2978;LA INMACULADA CONCEPCION;;;;;;;
2979;MI DULCE JESUS;;;;;;;
2980;PAMER;;;;;;;
2981;REINA DE LA PAZ;;;;;;;
2982;PATRON SAN ISIDRO DE SANTA ANITA;;;;;;;
2983;PERUANO SUIZO;;;;;;;
2984;SAGRADO CORAZON DE JESUS;;;;;;;
2985;SAN JUAN BOSCO;;;;;;;
2986;SAN FRANCISCO;;;;;;;
2987;SAN JOSE MARELLO;;;;;;;
2988;SAN JOSE OBRERO;;;;;;;
2989;SANTA MARIA DE NAZARET;;;;;;;
2990;ALTERNATIVO TALENTOS;;;;;;;
2991;UNION DE LOS NUEVOS INTELIGENTES;;;;;;;
2992;VICTOR ANDRES BELAUNDE;;;;;;;
2993;VILLA ALEGRE;;;;;;;
2994;CEBA - EL BUEN SEMBRADOR;;;;;;;
2995;CEBA - CRISTO REY SALVADOR;;;;;;;
2996;CEBA - SAN AGUST펥;;;;;;;
2997;FLORES;;;;;;;
2998;ERIK ERICKSON;;;;;;;
2999;0086 JOSE MARIA ARGUEDAS;;;;;;;
3000;MADRE MARIA TERESA;;;;;;;
3001;CRISTO REY HUARAZ;;;;;;;
3002;EL BUEN PASTOR;;;;;;;
3003;CRISTO AMIGO;;;;;;;
3004;REINA DE LOS ANGELES;;;;;;;
3005;TRILCE;;;;;;;
3006;CIBERT UNI DE VITARTE;;;;;;;
3007;SAN VICENTE DE PAUL SCHOOL II;;;;;;;
3008;BERTOLT BRECHT;;;;;;;
3009;CEBA - ANDRES BELLO;;;;;;;
3010;CEBA - CRUZ SACO;;;;;;;
3011;CEBA - DEL IPEC;;;;;;;
3012;CEBA - SAN IGNACIO DE LOYOLA;;;;;;;
3013;CRISTO REY DE VILLA;;;;;;;
3014;DANNY MITTERRAND;;;;;;;
3015;DISCOVERY SIGLO XXI;;;;;;;
3016;DIVINO MAESTRO;;;;;;;
3017;EL ALBA;;;;;;;
3018;EL MUNDO NUEVO DE VILLA;;;;;;;
3019;EXCELENTI;;;;;;;
3020;FUTURA SCHOOLS CERRO COLORADO;;;;;;;
3021;GOTTFRIED WILHELM LEIBNIZ;;;;;;;
3022;JESUS AMADO;;;;;;;
3023;LOBACHEVSKI;;;;;;;
3024;LUMBRERA;;;;;;;
3025;MIGUEL ANGEL;;;;;;;
3026;NICOLAS COPERNICO;;;;;;;
3027;REINO UNIDO BRITANICO;;;;;;;
3028;SACO OLIVEROS DE CHACLACAYO;;;;;;;
3029;SAN ANTONIO ABAD;;;;;;;
3030;TECHNOLOGY SCHOOLS DE TAHUANTINSUYO;;;;;;;
3031;7054;;;;;;;
3032;0053 SAN VICENTE DE PAUL;;;;;;;
3033;0137 MIGUEL GRAU SEMINARIO;;;;;;;
3034;072 SAN MARTIN DE PORRES;;;;;;;
3035;1070 MELITON CARVAJAL;;;;;;;
3036;1204 VILLA JARDIN;;;;;;;
3037;1235 UNION LATINOAMERICANA;;;;;;;
3038;1256 ALFONSO UGARTE;;;;;;;
3039;1264 JUAN ANDRES VIVANCO AMORIN;;;;;;;
3040;1278 MIXTO LA MOLINA;;;;;;;
3041;16081 SE헲R DE HUAMANTANGA;;;;;;;
3042;2003 LIBERTADOR JOSE DE SAN MARTIN;;;;;;;
3043;6039 FERNANDO CARBAJAL SEGURA;;;;;;;
3044;6047 JOSE MARIA ARGUEDAS;;;;;;;
3045;6050 JUANA ALARCO DE DAMMERT;;;;;;;
3046;6053 SAGRADO CORAZON;;;;;;;
3047;6082 LOS PROCERES;;;;;;;
3048;6097 MATEO PUMACAHUA;;;;;;;
3049;7089 ROMEO LUNA VICTORIA;;;;;;;
3050;ABEL TORO CONTRERAS;;;;;;;
3051;ALBERTO PALLETE;;;;;;;
3052;CEBA - 2084 TROMPETEROS;;;;;;;
3053;CRL. INF. JUAN VALER SANDOVAL;;;;;;;
3054;EDELMIRA DEL PANDO;;;;;;;
3055;ESTHER FESTINI DE RAMOS OCAMPO;;;;;;;
3056;FEDERICO VILLAREAL;;;;;;;
3057;JESUS SACRAMENTADO;;;;;;;
3058;JULIO CESAR ESCOBAR;;;;;;;
3059;LICEO NAVAL CAPITAN DE NAVIO JUAN FANNING GARCIA;;;;;;;
3060;NUESTRA SE헲RA DE LA SABIDURIA;;;;;;;
3061;SAN FELIPE;;;;;;;
3062;TORIBIO RODRIGUEZ DE MENDOZA;;;;;;;
3063;VIRGEN ASUNTA;;;;;;;
3064;VIRGEN DOLOROSA;;;;;;;
3065;VIRGO POTENS;;;;;;;
3066;MATEMATICO CATOLICO SAN JUAN;;;;;;;
3067;NUESTRA SE헲RA DEL CARMEN;;;;;;;
3068;TRENTO;;;;;;;
3069;CEBA SAN AGUST펥 DE SURCO;;;;;;;
3070;SAINT JOHN'S PRIVATE SCHOOL;;;;;;;
3071;CIRCULO INGENIERIA SCHOOL;;;;;;;
3072;SAN CRISTOBAL DE MONTEROSA;;;;;;;
3073;CESAR VALLEJO DE LA RIVERA NORTE;;;;;;;
3074;MARIA MEDALLA MILAGROSA;;;;;;;
3075;COLEGIO MAYOR SISTEMA SAN MARCOS;;;;;;;
3076;ALFAGROUP;;;;;;;
3077;INNOVA SCHOOLS - PURUCHUCO;;;;;;;
3078;BERNE;;;;;;;
3079;CIRCULO INGENIERIA - HUANDOY;;;;;;;
3080;INNOVA SCHOOLS - SANTO TORIBIO;;;;;;;
3081;BRIGHAM YOUNG SCHOOL;;;;;;;
3082;COLEGIO DE CIENCIAS CRAMER;;;;;;;
3083;GERMAN CARO RIOS;;;;;;;
3084;GABRIEL MORENO;;;;;;;
3085;FRANCISCA DIEZ CANSECO DE CASTILLA;;;;;;;
3086;CEBA - DANIEL ALCIDES CARRION;;;;;;;
3087;SAN IGNACIO SCHOOL;;;;;;;
3088;FERNANDO STHAL;;;;;;;
3089;SAN JERONIMO;;;;;;;
3090;SAGRADO CORAZON;;;;;;;
3091;WEZ COLLEGE;;;;;;;
3092;SANTA ANA;;;;;;;
3093;CIENCIAS Y HUMANIDADES;;;;;;;
3094;SANTA MARIA REYNA;;;;;;;
3095;SOR ANA DE LOS ALAMOS;;;;;;;
3096;INTERNACIONAL ELIM;;;;;;;
3097;MARIA REYNA;;;;;;;
3098;SOR MARIA DE LOS ANGELES;;;;;;;
3099;AMAZONAS;;;;;;;
3100;SE헲R DE LA MISERICORDIA;;;;;;;
3101;MUNDIAL;;;;;;;
3102;CLAPER;;;;;;;
3103;JOHN NASH HIGH SCHOOL;;;;;;;
3104;RUBEN DARIO;;;;;;;
3105;ROSA DEL DIVINO JESUS;;;;;;;
3106;VIRGEN MARIA;;;;;;;
3107;INGENIEROS DE LUCUMOS;;;;;;;
3108;CEBA - SAN ANTONIO S.A.C.;;;;;;;
3109;WINNER SCHOOL;;;;;;;
3110;GARCILASO DE LA VEGA DE CARABAYLLO;;;;;;;
3111;JUAN DE LA CRUZ VASQUEZ VIGO;;;;;;;
3112;GUSTAVO ADOLFO BECQUER I;;;;;;;
3113;GLORIOSO MARISCAL CACERES;;;;;;;
3114;NUESTRA SE헲RA DE MONTSERRAT DE GAMARRA;;;;;;;
3115;MARVISTA;;;;;;;
3116;DIVINO NI헲 JESUS;;;;;;;
3117;TECHNOLOGY SCHOOLS DEL RETABLO I;;;;;;;
3118;SANTA ROSA DE HUACHIPA;;;;;;;
3119;CEBA - BENJAMIN FRANKLIN;;;;;;;
3120;CIENCIAS;;;;;;;
3121;SAN CARLOS DE PALAO;;;;;;;
3122;SAN IGNACIO DE IQUITOS;;;;;;;
3123;SANTIAGO APOSTOL;;;;;;;
3124;EL PINAR;;;;;;;
3125;D'UNI;;;;;;;
3126;ALBERT EINSTEIN;;;;;;;
3127;SAN FRANCISCO DE ASIS;;;;;;;
3128;NUEVO HORIZONTE;;;;;;;
3129;SELECCION A DE ATE;;;;;;;
3130;SACO OLIVEROS DE LOS OLIVOS;;;;;;;
3131;SAN LUIS GONZAGA;;;;;;;
3132;BLAS PASCAL;;;;;;;
3133;PAMER ZARATE;;;;;;;
3134;SANTA MARIA DE LOS SAGRADOS CORAZONES;;;;;;;
3135;SAN MARTIN DE PORRES - PERU;;;;;;;
3136;PEAD UNIDOS;;;;;;;
3137;TRIOLET;;;;;;;
3138;CEBA - RICARDO PALMA;;;;;;;
3139;SACO OLIVEROS DE PRO;;;;;;;
3140;SAN SEBASTIAN DE LIMA NORTE;;;;;;;
3141;GOLEMAN HIGH SCHOOL;;;;;;;
3142;ISAAC NEWTON TUMBES S.A.C.;;;;;;;
3143;NI헲 JESUCITO;;;;;;;
3144;PAMER CHICLAYO;;;;;;;
3145;CESAR VALLEJO;;;;;;;
3146;INNOVA SCHOOLS - HUACHO;;;;;;;
3147;BAUTISTA DE LA PASCANA;;;;;;;
3148;MI JARDIN ABC;;;;;;;
3149;LAS ORQUIDEAS;;;;;;;
3150;RICARDO PALMA;;;;;;;
3151;MARTIN LUTHER KING;;;;;;;
3152;HONORES OQUENDO;;;;;;;
3153;GRAN PACIFICADOR LINUS PAULING;;;;;;;
3154;HERALDOS DEL SABER;;;;;;;
3155;AMERICA;;;;;;;
